<?xml version="1.0" encoding="UTF-8" ?>
<!-- This is a WordPress eXtended RSS file generated by WordPress as an export of your site. -->
<!-- It contains information about your site's posts, pages, comments, categories, and other content. -->
<!-- You may use this file to transfer that content from one site to another. -->
<!-- This file is not intended to serve as a complete backup of your site. -->

<!-- To import this information into a WordPress site follow these steps: -->
<!-- 1. Log in to that site as an administrator. -->
<!-- 2. Go to Tools: Import in the WordPress admin panel. -->
<!-- 3. Install the "WordPress" importer from the list. -->
<!-- 4. Activate & Run Importer. -->
<!-- 5. Upload this file using the form provided on that page. -->
<!-- 6. You will first be asked to map the authors in this export file to users -->
<!--    on the site. For each author, you may choose to map to an -->
<!--    existing user on the site or to create a new user. -->
<!-- 7. WordPress will then import each of the posts, pages, comments, categories, etc. -->
<!--    contained in this file into your site. -->

<!-- generator="WordPress/4.1" created="2015-02-05 10:10" -->
<rss version="2.0"
	xmlns:excerpt="http://wordpress.org/export/1.2/excerpt/"
	xmlns:content="http://purl.org/rss/1.0/modules/content/"
	xmlns:wfw="http://wellformedweb.org/CommentAPI/"
	xmlns:dc="http://purl.org/dc/elements/1.1/"
	xmlns:wp="http://wordpress.org/export/1.2/"
>

<channel>
	<title>Rooster</title>
	<link>http://dev.pixel-pub.de/customers/rooster_showcase</link>
	<description>Just another WordPress site</description>
	<pubDate>Thu, 05 Feb 2015 10:10:04 +0000</pubDate>
	<language>en-US</language>
	<wp:wxr_version>1.2</wp:wxr_version>
	<wp:base_site_url>http://dev.pixel-pub.de/customers/rooster_showcase/</wp:base_site_url>
	<wp:base_blog_url>http://dev.pixel-pub.de/customers/rooster_showcase</wp:base_blog_url>

	<wp:author><wp:author_id>1</wp:author_id><wp:author_login>torsten</wp:author_login><wp:author_email>torsten@pixel-pub.de</wp:author_email><wp:author_display_name><![CDATA[torsten]]></wp:author_display_name><wp:author_first_name><![CDATA[]]></wp:author_first_name><wp:author_last_name><![CDATA[]]></wp:author_last_name></wp:author>

	<wp:category><wp:term_id>20</wp:term_id><wp:category_nicename>summer</wp:category_nicename><wp:category_parent></wp:category_parent><wp:cat_name><![CDATA[Summer]]></wp:cat_name></wp:category>
	<wp:category><wp:term_id>1</wp:term_id><wp:category_nicename>uncategorized</wp:category_nicename><wp:category_parent></wp:category_parent><wp:cat_name><![CDATA[Uncategorized]]></wp:cat_name></wp:category>
	<wp:term><wp:term_id>18</wp:term_id><wp:term_taxonomy>project-date</wp:term_taxonomy><wp:term_slug>2015-01-03</wp:term_slug><wp:term_parent></wp:term_parent><wp:term_name><![CDATA[2015-01-03]]></wp:term_name></wp:term>
	<wp:term><wp:term_id>7</wp:term_id><wp:term_taxonomy>project-date</wp:term_taxonomy><wp:term_slug>2015-01-28</wp:term_slug><wp:term_parent></wp:term_parent><wp:term_name><![CDATA[2015-01-28]]></wp:term_name></wp:term>
	<wp:term><wp:term_id>13</wp:term_id><wp:term_taxonomy>project-date</wp:term_taxonomy><wp:term_slug>2015-02-01</wp:term_slug><wp:term_parent></wp:term_parent><wp:term_name><![CDATA[2015-02-01]]></wp:term_name></wp:term>
	<wp:term><wp:term_id>14</wp:term_id><wp:term_taxonomy>project-skill</wp:term_taxonomy><wp:term_slug>c</wp:term_slug><wp:term_parent></wp:term_parent><wp:term_name><![CDATA[C++]]></wp:term_name></wp:term>
	<wp:term><wp:term_id>8</wp:term_id><wp:term_taxonomy>project-skill</wp:term_taxonomy><wp:term_slug>css</wp:term_slug><wp:term_parent></wp:term_parent><wp:term_name><![CDATA[CSS]]></wp:term_name></wp:term>
	<wp:term><wp:term_id>17</wp:term_id><wp:term_taxonomy>project-client</wp:term_taxonomy><wp:term_slug>grumpy-cat</wp:term_slug><wp:term_parent></wp:term_parent><wp:term_name><![CDATA[Grumpy Cat]]></wp:term_name></wp:term>
	<wp:term><wp:term_id>10</wp:term_id><wp:term_taxonomy>project-skill</wp:term_taxonomy><wp:term_slug>html</wp:term_slug><wp:term_parent></wp:term_parent><wp:term_name><![CDATA[HTML]]></wp:term_name></wp:term>
	<wp:term><wp:term_id>11</wp:term_id><wp:term_taxonomy>project-url</wp:term_taxonomy><wp:term_slug>httpwww-car-com</wp:term_slug><wp:term_parent></wp:term_parent><wp:term_name><![CDATA[http://www.car.com/]]></wp:term_name></wp:term>
	<wp:term><wp:term_id>16</wp:term_id><wp:term_taxonomy>project-url</wp:term_taxonomy><wp:term_slug>httpwww-nature-com</wp:term_slug><wp:term_parent></wp:term_parent><wp:term_name><![CDATA[http://www.nature.com/]]></wp:term_name></wp:term>
	<wp:term><wp:term_id>4</wp:term_id><wp:term_taxonomy>project-url</wp:term_taxonomy><wp:term_slug>httpwww-wikipedia-de</wp:term_slug><wp:term_parent></wp:term_parent><wp:term_name><![CDATA[http://www.wikipedia.de]]></wp:term_name></wp:term>
	<wp:term><wp:term_id>15</wp:term_id><wp:term_taxonomy>project-skill</wp:term_taxonomy><wp:term_slug>java</wp:term_slug><wp:term_parent></wp:term_parent><wp:term_name><![CDATA[Java]]></wp:term_name></wp:term>
	<wp:term><wp:term_id>6</wp:term_id><wp:term_taxonomy>project-client</wp:term_taxonomy><wp:term_slug>johann-meier</wp:term_slug><wp:term_parent></wp:term_parent><wp:term_name><![CDATA[Johann Meier]]></wp:term_name></wp:term>
	<wp:term><wp:term_id>9</wp:term_id><wp:term_taxonomy>project-skill</wp:term_taxonomy><wp:term_slug>js</wp:term_slug><wp:term_parent></wp:term_parent><wp:term_name><![CDATA[JS]]></wp:term_name></wp:term>
	<wp:term><wp:term_id>5</wp:term_id><wp:term_taxonomy>project-client</wp:term_taxonomy><wp:term_slug>mr-t</wp:term_slug><wp:term_parent></wp:term_parent><wp:term_name><![CDATA[Mr. T]]></wp:term_name></wp:term>
	<wp:term><wp:term_id>12</wp:term_id><wp:term_taxonomy>project-client</wp:term_taxonomy><wp:term_slug>old-joe</wp:term_slug><wp:term_parent></wp:term_parent><wp:term_name><![CDATA[Old Joe]]></wp:term_name></wp:term>
	<wp:term><wp:term_id>19</wp:term_id><wp:term_taxonomy>project-skill</wp:term_taxonomy><wp:term_slug>pascal</wp:term_slug><wp:term_parent></wp:term_parent><wp:term_name><![CDATA[Pascal]]></wp:term_name></wp:term>
	<wp:term><wp:term_id>3</wp:term_id><wp:term_taxonomy>nav_menu</wp:term_taxonomy><wp:term_slug>footer-menu</wp:term_slug><wp:term_name><![CDATA[Footer Menu]]></wp:term_name></wp:term>
	<wp:term><wp:term_id>2</wp:term_id><wp:term_taxonomy>nav_menu</wp:term_taxonomy><wp:term_slug>main-menu</wp:term_slug><wp:term_name><![CDATA[Main Menu]]></wp:term_name></wp:term>

	<generator>http://wordpress.org/?v=4.1</generator>

	<item>
		<title>Sample Page</title>
		<link>http://dev.pixel-pub.de/customers/rooster_showcase/sample-page/</link>
		<pubDate>Wed, 04 Feb 2015 11:06:33 +0000</pubDate>
		<dc:creator><![CDATA[torsten]]></dc:creator>
		<guid isPermaLink="false">http://dev.pixel-pub.de/customers/rooster_showcase/?page_id=2</guid>
		<description></description>
		<content:encoded><![CDATA[This is an example page. It's different from a blog post because it will stay in one place and will show up in your site navigation (in most themes). Most people start with an About page that introduces them to potential site visitors. It might say something like this:

<blockquote>Hi there! I'm a bike messenger by day, aspiring actor by night, and this is my blog. I live in Los Angeles, have a great dog named Jack, and I like pi&#241;a coladas. (And gettin' caught in the rain.)</blockquote>

...or something like this:

<blockquote>The XYZ Doohickey Company was founded in 1971, and has been providing quality doohickeys to the public ever since. Located in Gotham City, XYZ employs over 2,000 people and does all kinds of awesome things for the Gotham community.</blockquote>

As a new WordPress user, you should go to <a href="http://dev.pixel-pub.de/customers/rooster_showcase/wp-admin/">your dashboard</a> to delete this page and create new pages for your content. Have fun!]]></content:encoded>
		<excerpt:encoded><![CDATA[]]></excerpt:encoded>
		<wp:post_id>2</wp:post_id>
		<wp:post_date>2015-02-04 11:06:33</wp:post_date>
		<wp:post_date_gmt>2015-02-04 11:06:33</wp:post_date_gmt>
		<wp:comment_status>open</wp:comment_status>
		<wp:ping_status>open</wp:ping_status>
		<wp:post_name>sample-page</wp:post_name>
		<wp:status>publish</wp:status>
		<wp:post_parent>0</wp:post_parent>
		<wp:menu_order>0</wp:menu_order>
		<wp:post_type>page</wp:post_type>
		<wp:post_password></wp:post_password>
		<wp:is_sticky>0</wp:is_sticky>
		<wp:postmeta>
			<wp:meta_key>_wp_page_template</wp:meta_key>
			<wp:meta_value><![CDATA[default]]></wp:meta_value>
		</wp:postmeta>
	</item>
	<item>
		<title>Contact</title>
		<link>http://dev.pixel-pub.de/customers/rooster_showcase/contact/</link>
		<pubDate>Wed, 04 Feb 2015 14:05:48 +0000</pubDate>
		<dc:creator><![CDATA[torsten]]></dc:creator>
		<guid isPermaLink="false">http://dev.pixel-pub.de/customers/rooster_showcase/?page_id=16</guid>
		<description></description>
		<content:encoded><![CDATA[[contact-form-7 id="11" title="Contact form 1"]]]></content:encoded>
		<excerpt:encoded><![CDATA[]]></excerpt:encoded>
		<wp:post_id>16</wp:post_id>
		<wp:post_date>2015-02-04 14:05:48</wp:post_date>
		<wp:post_date_gmt>2015-02-04 14:05:48</wp:post_date_gmt>
		<wp:comment_status>open</wp:comment_status>
		<wp:ping_status>open</wp:ping_status>
		<wp:post_name>contact</wp:post_name>
		<wp:status>publish</wp:status>
		<wp:post_parent>0</wp:post_parent>
		<wp:menu_order>0</wp:menu_order>
		<wp:post_type>page</wp:post_type>
		<wp:post_password></wp:post_password>
		<wp:is_sticky>0</wp:is_sticky>
		<wp:postmeta>
			<wp:meta_key>_edit_last</wp:meta_key>
			<wp:meta_value><![CDATA[1]]></wp:meta_value>
		</wp:postmeta>
		<wp:postmeta>
			<wp:meta_key>_wp_page_template</wp:meta_key>
			<wp:meta_value><![CDATA[contact.php]]></wp:meta_value>
		</wp:postmeta>
	</item>
	<item>
		<title></title>
		<link>http://dev.pixel-pub.de/customers/rooster_showcase/blog/18/</link>
		<pubDate>Wed, 04 Feb 2015 14:06:02 +0000</pubDate>
		<dc:creator><![CDATA[torsten]]></dc:creator>
		<guid isPermaLink="false">http://dev.pixel-pub.de/customers/rooster_showcase/?p=18</guid>
		<description></description>
		<content:encoded><![CDATA[ ]]></content:encoded>
		<excerpt:encoded><![CDATA[]]></excerpt:encoded>
		<wp:post_id>18</wp:post_id>
		<wp:post_date>2015-02-04 14:06:02</wp:post_date>
		<wp:post_date_gmt>2015-02-04 14:06:02</wp:post_date_gmt>
		<wp:comment_status>open</wp:comment_status>
		<wp:ping_status>open</wp:ping_status>
		<wp:post_name>18</wp:post_name>
		<wp:status>publish</wp:status>
		<wp:post_parent>0</wp:post_parent>
		<wp:menu_order>4</wp:menu_order>
		<wp:post_type>nav_menu_item</wp:post_type>
		<wp:post_password></wp:post_password>
		<wp:is_sticky>0</wp:is_sticky>
		<category domain="nav_menu" nicename="main-menu"><![CDATA[Main Menu]]></category>
		<wp:postmeta>
			<wp:meta_key>_menu_item_type</wp:meta_key>
			<wp:meta_value><![CDATA[post_type]]></wp:meta_value>
		</wp:postmeta>
		<wp:postmeta>
			<wp:meta_key>_menu_item_menu_item_parent</wp:meta_key>
			<wp:meta_value><![CDATA[0]]></wp:meta_value>
		</wp:postmeta>
		<wp:postmeta>
			<wp:meta_key>_menu_item_object_id</wp:meta_key>
			<wp:meta_value><![CDATA[16]]></wp:meta_value>
		</wp:postmeta>
		<wp:postmeta>
			<wp:meta_key>_menu_item_object</wp:meta_key>
			<wp:meta_value><![CDATA[page]]></wp:meta_value>
		</wp:postmeta>
		<wp:postmeta>
			<wp:meta_key>_menu_item_target</wp:meta_key>
			<wp:meta_value><![CDATA[]]></wp:meta_value>
		</wp:postmeta>
		<wp:postmeta>
			<wp:meta_key>_menu_item_classes</wp:meta_key>
			<wp:meta_value><![CDATA[a:1:{i:0;s:0:"";}]]></wp:meta_value>
		</wp:postmeta>
		<wp:postmeta>
			<wp:meta_key>_menu_item_xfn</wp:meta_key>
			<wp:meta_value><![CDATA[]]></wp:meta_value>
		</wp:postmeta>
		<wp:postmeta>
			<wp:meta_key>_menu_item_url</wp:meta_key>
			<wp:meta_value><![CDATA[]]></wp:meta_value>
		</wp:postmeta>
	</item>
	<item>
		<title>Home</title>
		<link>http://dev.pixel-pub.de/customers/rooster_showcase/home/</link>
		<pubDate>Wed, 04 Feb 2015 14:21:59 +0000</pubDate>
		<dc:creator><![CDATA[torsten]]></dc:creator>
		<guid isPermaLink="false">http://dev.pixel-pub.de/customers/rooster_showcase/?page_id=20</guid>
		<description></description>
		<content:encoded><![CDATA[]]></content:encoded>
		<excerpt:encoded><![CDATA[]]></excerpt:encoded>
		<wp:post_id>20</wp:post_id>
		<wp:post_date>2015-02-04 14:21:59</wp:post_date>
		<wp:post_date_gmt>2015-02-04 14:21:59</wp:post_date_gmt>
		<wp:comment_status>open</wp:comment_status>
		<wp:ping_status>open</wp:ping_status>
		<wp:post_name>home</wp:post_name>
		<wp:status>publish</wp:status>
		<wp:post_parent>0</wp:post_parent>
		<wp:menu_order>0</wp:menu_order>
		<wp:post_type>page</wp:post_type>
		<wp:post_password></wp:post_password>
		<wp:is_sticky>0</wp:is_sticky>
		<wp:postmeta>
			<wp:meta_key>_edit_last</wp:meta_key>
			<wp:meta_value><![CDATA[1]]></wp:meta_value>
		</wp:postmeta>
		<wp:postmeta>
			<wp:meta_key>_wp_page_template</wp:meta_key>
			<wp:meta_value><![CDATA[default]]></wp:meta_value>
		</wp:postmeta>
	</item>
	<item>
		<title></title>
		<link>http://dev.pixel-pub.de/customers/rooster_showcase/blog/23/</link>
		<pubDate>Wed, 04 Feb 2015 14:48:11 +0000</pubDate>
		<dc:creator><![CDATA[torsten]]></dc:creator>
		<guid isPermaLink="false">http://dev.pixel-pub.de/customers/rooster_showcase/?p=23</guid>
		<description></description>
		<content:encoded><![CDATA[ ]]></content:encoded>
		<excerpt:encoded><![CDATA[]]></excerpt:encoded>
		<wp:post_id>23</wp:post_id>
		<wp:post_date>2015-02-04 14:48:11</wp:post_date>
		<wp:post_date_gmt>2015-02-04 14:48:11</wp:post_date_gmt>
		<wp:comment_status>open</wp:comment_status>
		<wp:ping_status>open</wp:ping_status>
		<wp:post_name>23</wp:post_name>
		<wp:status>publish</wp:status>
		<wp:post_parent>0</wp:post_parent>
		<wp:menu_order>1</wp:menu_order>
		<wp:post_type>nav_menu_item</wp:post_type>
		<wp:post_password></wp:post_password>
		<wp:is_sticky>0</wp:is_sticky>
		<category domain="nav_menu" nicename="main-menu"><![CDATA[Main Menu]]></category>
		<wp:postmeta>
			<wp:meta_key>_menu_item_type</wp:meta_key>
			<wp:meta_value><![CDATA[post_type]]></wp:meta_value>
		</wp:postmeta>
		<wp:postmeta>
			<wp:meta_key>_menu_item_menu_item_parent</wp:meta_key>
			<wp:meta_value><![CDATA[0]]></wp:meta_value>
		</wp:postmeta>
		<wp:postmeta>
			<wp:meta_key>_menu_item_object_id</wp:meta_key>
			<wp:meta_value><![CDATA[20]]></wp:meta_value>
		</wp:postmeta>
		<wp:postmeta>
			<wp:meta_key>_menu_item_object</wp:meta_key>
			<wp:meta_value><![CDATA[page]]></wp:meta_value>
		</wp:postmeta>
		<wp:postmeta>
			<wp:meta_key>_menu_item_target</wp:meta_key>
			<wp:meta_value><![CDATA[]]></wp:meta_value>
		</wp:postmeta>
		<wp:postmeta>
			<wp:meta_key>_menu_item_classes</wp:meta_key>
			<wp:meta_value><![CDATA[a:1:{i:0;s:0:"";}]]></wp:meta_value>
		</wp:postmeta>
		<wp:postmeta>
			<wp:meta_key>_menu_item_xfn</wp:meta_key>
			<wp:meta_value><![CDATA[]]></wp:meta_value>
		</wp:postmeta>
		<wp:postmeta>
			<wp:meta_key>_menu_item_url</wp:meta_key>
			<wp:meta_value><![CDATA[]]></wp:meta_value>
		</wp:postmeta>
	</item>
	<item>
		<title>Portfolio</title>
		<link>http://dev.pixel-pub.de/customers/rooster_showcase/portfolio/</link>
		<pubDate>Wed, 04 Feb 2015 14:48:40 +0000</pubDate>
		<dc:creator><![CDATA[torsten]]></dc:creator>
		<guid isPermaLink="false">http://dev.pixel-pub.de/customers/rooster_showcase/?page_id=24</guid>
		<description></description>
		<content:encoded><![CDATA[]]></content:encoded>
		<excerpt:encoded><![CDATA[]]></excerpt:encoded>
		<wp:post_id>24</wp:post_id>
		<wp:post_date>2015-02-04 14:48:40</wp:post_date>
		<wp:post_date_gmt>2015-02-04 14:48:40</wp:post_date_gmt>
		<wp:comment_status>open</wp:comment_status>
		<wp:ping_status>open</wp:ping_status>
		<wp:post_name>portfolio</wp:post_name>
		<wp:status>publish</wp:status>
		<wp:post_parent>0</wp:post_parent>
		<wp:menu_order>0</wp:menu_order>
		<wp:post_type>page</wp:post_type>
		<wp:post_password></wp:post_password>
		<wp:is_sticky>0</wp:is_sticky>
		<wp:postmeta>
			<wp:meta_key>_edit_last</wp:meta_key>
			<wp:meta_value><![CDATA[1]]></wp:meta_value>
		</wp:postmeta>
		<wp:postmeta>
			<wp:meta_key>_wp_page_template</wp:meta_key>
			<wp:meta_value><![CDATA[portfolio-template-1.php]]></wp:meta_value>
		</wp:postmeta>
	</item>
	<item>
		<title></title>
		<link>http://dev.pixel-pub.de/customers/rooster_showcase/blog/26/</link>
		<pubDate>Wed, 04 Feb 2015 14:48:50 +0000</pubDate>
		<dc:creator><![CDATA[torsten]]></dc:creator>
		<guid isPermaLink="false">http://dev.pixel-pub.de/customers/rooster_showcase/?p=26</guid>
		<description></description>
		<content:encoded><![CDATA[ ]]></content:encoded>
		<excerpt:encoded><![CDATA[]]></excerpt:encoded>
		<wp:post_id>26</wp:post_id>
		<wp:post_date>2015-02-04 14:48:50</wp:post_date>
		<wp:post_date_gmt>2015-02-04 14:48:50</wp:post_date_gmt>
		<wp:comment_status>open</wp:comment_status>
		<wp:ping_status>open</wp:ping_status>
		<wp:post_name>26</wp:post_name>
		<wp:status>publish</wp:status>
		<wp:post_parent>0</wp:post_parent>
		<wp:menu_order>3</wp:menu_order>
		<wp:post_type>nav_menu_item</wp:post_type>
		<wp:post_password></wp:post_password>
		<wp:is_sticky>0</wp:is_sticky>
		<category domain="nav_menu" nicename="main-menu"><![CDATA[Main Menu]]></category>
		<wp:postmeta>
			<wp:meta_key>_menu_item_type</wp:meta_key>
			<wp:meta_value><![CDATA[post_type]]></wp:meta_value>
		</wp:postmeta>
		<wp:postmeta>
			<wp:meta_key>_menu_item_menu_item_parent</wp:meta_key>
			<wp:meta_value><![CDATA[0]]></wp:meta_value>
		</wp:postmeta>
		<wp:postmeta>
			<wp:meta_key>_menu_item_object_id</wp:meta_key>
			<wp:meta_value><![CDATA[24]]></wp:meta_value>
		</wp:postmeta>
		<wp:postmeta>
			<wp:meta_key>_menu_item_object</wp:meta_key>
			<wp:meta_value><![CDATA[page]]></wp:meta_value>
		</wp:postmeta>
		<wp:postmeta>
			<wp:meta_key>_menu_item_target</wp:meta_key>
			<wp:meta_value><![CDATA[]]></wp:meta_value>
		</wp:postmeta>
		<wp:postmeta>
			<wp:meta_key>_menu_item_classes</wp:meta_key>
			<wp:meta_value><![CDATA[a:1:{i:0;s:0:"";}]]></wp:meta_value>
		</wp:postmeta>
		<wp:postmeta>
			<wp:meta_key>_menu_item_xfn</wp:meta_key>
			<wp:meta_value><![CDATA[]]></wp:meta_value>
		</wp:postmeta>
		<wp:postmeta>
			<wp:meta_key>_menu_item_url</wp:meta_key>
			<wp:meta_value><![CDATA[]]></wp:meta_value>
		</wp:postmeta>
	</item>
	<item>
		<title>project1</title>
		<link>http://dev.pixel-pub.de/customers/rooster_showcase/blog/rooster-portfolio/beach-project-1/project1/</link>
		<pubDate>Wed, 04 Feb 2015 14:51:36 +0000</pubDate>
		<dc:creator><![CDATA[torsten]]></dc:creator>
		<guid isPermaLink="false">http://dev.pixel-pub.de/customers/rooster_showcase/wp-content/uploads/2015/02/project1.jpeg</guid>
		<description></description>
		<content:encoded><![CDATA[]]></content:encoded>
		<excerpt:encoded><![CDATA[]]></excerpt:encoded>
		<wp:post_id>28</wp:post_id>
		<wp:post_date>2015-02-04 14:51:36</wp:post_date>
		<wp:post_date_gmt>2015-02-04 14:51:36</wp:post_date_gmt>
		<wp:comment_status>open</wp:comment_status>
		<wp:ping_status>open</wp:ping_status>
		<wp:post_name>project1</wp:post_name>
		<wp:status>inherit</wp:status>
		<wp:post_parent>27</wp:post_parent>
		<wp:menu_order>0</wp:menu_order>
		<wp:post_type>attachment</wp:post_type>
		<wp:post_password></wp:post_password>
		<wp:is_sticky>0</wp:is_sticky>
		<wp:attachment_url>http://dev.pixel-pub.de/customers/rooster_showcase/wp-content/uploads/2015/02/project1-e1423061508651.jpeg</wp:attachment_url>
		<wp:postmeta>
			<wp:meta_key>_wp_attached_file</wp:meta_key>
			<wp:meta_value><![CDATA[2015/02/project1-e1423061508651.jpeg]]></wp:meta_value>
		</wp:postmeta>
		<wp:postmeta>
			<wp:meta_key>_wp_attachment_metadata</wp:meta_key>
			<wp:meta_value><![CDATA[a:5:{s:5:"width";i:999;s:6:"height";i:665;s:4:"file";s:36:"2015/02/project1-e1423061508651.jpeg";s:5:"sizes";a:3:{s:9:"thumbnail";a:4:{s:4:"file";s:21:"project1-150x150.jpeg";s:5:"width";i:150;s:6:"height";i:150;s:9:"mime-type";s:10:"image/jpeg";}s:6:"medium";a:4:{s:4:"file";s:21:"project1-300x200.jpeg";s:5:"width";i:300;s:6:"height";i:200;s:9:"mime-type";s:10:"image/jpeg";}s:5:"large";a:4:{s:4:"file";s:22:"project1-1024x681.jpeg";s:5:"width";i:1024;s:6:"height";i:681;s:9:"mime-type";s:10:"image/jpeg";}}s:10:"image_meta";a:11:{s:8:"aperture";i:0;s:6:"credit";s:0:"";s:6:"camera";s:0:"";s:7:"caption";s:0:"";s:17:"created_timestamp";i:0;s:9:"copyright";s:0:"";s:12:"focal_length";i:0;s:3:"iso";i:0;s:13:"shutter_speed";i:0;s:5:"title";s:0:"";s:11:"orientation";i:0;}}]]></wp:meta_value>
		</wp:postmeta>
		<wp:postmeta>
			<wp:meta_key>_wp_attachment_backup_sizes</wp:meta_key>
			<wp:meta_value><![CDATA[a:1:{s:9:"full-orig";a:3:{s:5:"width";i:2511;s:6:"height";i:1671;s:4:"file";s:13:"project1.jpeg";}}]]></wp:meta_value>
		</wp:postmeta>
	</item>
	<item>
		<title>project2</title>
		<link>http://dev.pixel-pub.de/customers/rooster_showcase/blog/rooster-portfolio/old-car/project2/</link>
		<pubDate>Wed, 04 Feb 2015 15:02:00 +0000</pubDate>
		<dc:creator><![CDATA[torsten]]></dc:creator>
		<guid isPermaLink="false">http://dev.pixel-pub.de/customers/rooster_showcase/wp-content/uploads/2015/02/project2.jpeg</guid>
		<description></description>
		<content:encoded><![CDATA[]]></content:encoded>
		<excerpt:encoded><![CDATA[]]></excerpt:encoded>
		<wp:post_id>31</wp:post_id>
		<wp:post_date>2015-02-04 15:02:00</wp:post_date>
		<wp:post_date_gmt>2015-02-04 15:02:00</wp:post_date_gmt>
		<wp:comment_status>open</wp:comment_status>
		<wp:ping_status>open</wp:ping_status>
		<wp:post_name>project2</wp:post_name>
		<wp:status>inherit</wp:status>
		<wp:post_parent>30</wp:post_parent>
		<wp:menu_order>0</wp:menu_order>
		<wp:post_type>attachment</wp:post_type>
		<wp:post_password></wp:post_password>
		<wp:is_sticky>0</wp:is_sticky>
		<wp:attachment_url>http://dev.pixel-pub.de/customers/rooster_showcase/wp-content/uploads/2015/02/project2-e1423062128492.jpeg</wp:attachment_url>
		<wp:postmeta>
			<wp:meta_key>_wp_attached_file</wp:meta_key>
			<wp:meta_value><![CDATA[2015/02/project2-e1423062128492.jpeg]]></wp:meta_value>
		</wp:postmeta>
		<wp:postmeta>
			<wp:meta_key>_wp_attachment_metadata</wp:meta_key>
			<wp:meta_value><![CDATA[a:5:{s:5:"width";i:900;s:6:"height";i:598;s:4:"file";s:36:"2015/02/project2-e1423062128492.jpeg";s:5:"sizes";a:3:{s:9:"thumbnail";a:4:{s:4:"file";s:21:"project2-150x150.jpeg";s:5:"width";i:150;s:6:"height";i:150;s:9:"mime-type";s:10:"image/jpeg";}s:6:"medium";a:4:{s:4:"file";s:21:"project2-300x199.jpeg";s:5:"width";i:300;s:6:"height";i:199;s:9:"mime-type";s:10:"image/jpeg";}s:5:"large";a:4:{s:4:"file";s:22:"project2-1024x680.jpeg";s:5:"width";i:1024;s:6:"height";i:680;s:9:"mime-type";s:10:"image/jpeg";}}s:10:"image_meta";a:11:{s:8:"aperture";i:0;s:6:"credit";s:0:"";s:6:"camera";s:0:"";s:7:"caption";s:0:"";s:17:"created_timestamp";i:0;s:9:"copyright";s:0:"";s:12:"focal_length";i:0;s:3:"iso";i:0;s:13:"shutter_speed";i:0;s:5:"title";s:0:"";s:11:"orientation";i:0;}}]]></wp:meta_value>
		</wp:postmeta>
		<wp:postmeta>
			<wp:meta_key>_wp_attachment_backup_sizes</wp:meta_key>
			<wp:meta_value><![CDATA[a:1:{s:9:"full-orig";a:3:{s:5:"width";i:2513;s:6:"height";i:1670;s:4:"file";s:13:"project2.jpeg";}}]]></wp:meta_value>
		</wp:postmeta>
	</item>
	<item>
		<title>project3</title>
		<link>http://dev.pixel-pub.de/customers/rooster_showcase/blog/rooster-portfolio/save-the-nature/project3/</link>
		<pubDate>Wed, 04 Feb 2015 15:04:13 +0000</pubDate>
		<dc:creator><![CDATA[torsten]]></dc:creator>
		<guid isPermaLink="false">http://dev.pixel-pub.de/customers/rooster_showcase/wp-content/uploads/2015/02/project3.jpeg</guid>
		<description></description>
		<content:encoded><![CDATA[]]></content:encoded>
		<excerpt:encoded><![CDATA[]]></excerpt:encoded>
		<wp:post_id>33</wp:post_id>
		<wp:post_date>2015-02-04 15:04:13</wp:post_date>
		<wp:post_date_gmt>2015-02-04 15:04:13</wp:post_date_gmt>
		<wp:comment_status>open</wp:comment_status>
		<wp:ping_status>open</wp:ping_status>
		<wp:post_name>project3</wp:post_name>
		<wp:status>inherit</wp:status>
		<wp:post_parent>32</wp:post_parent>
		<wp:menu_order>0</wp:menu_order>
		<wp:post_type>attachment</wp:post_type>
		<wp:post_password></wp:post_password>
		<wp:is_sticky>0</wp:is_sticky>
		<wp:attachment_url>http://dev.pixel-pub.de/customers/rooster_showcase/wp-content/uploads/2015/02/project3-e1423062261819.jpeg</wp:attachment_url>
		<wp:postmeta>
			<wp:meta_key>_wp_attached_file</wp:meta_key>
			<wp:meta_value><![CDATA[2015/02/project3-e1423062261819.jpeg]]></wp:meta_value>
		</wp:postmeta>
		<wp:postmeta>
			<wp:meta_key>_wp_attachment_metadata</wp:meta_key>
			<wp:meta_value><![CDATA[a:5:{s:5:"width";i:900;s:6:"height";i:601;s:4:"file";s:36:"2015/02/project3-e1423062261819.jpeg";s:5:"sizes";a:3:{s:9:"thumbnail";a:4:{s:4:"file";s:21:"project3-150x150.jpeg";s:5:"width";i:150;s:6:"height";i:150;s:9:"mime-type";s:10:"image/jpeg";}s:6:"medium";a:4:{s:4:"file";s:21:"project3-300x200.jpeg";s:5:"width";i:300;s:6:"height";i:200;s:9:"mime-type";s:10:"image/jpeg";}s:5:"large";a:4:{s:4:"file";s:22:"project3-1024x684.jpeg";s:5:"width";i:1024;s:6:"height";i:684;s:9:"mime-type";s:10:"image/jpeg";}}s:10:"image_meta";a:11:{s:8:"aperture";i:0;s:6:"credit";s:0:"";s:6:"camera";s:0:"";s:7:"caption";s:0:"";s:17:"created_timestamp";i:0;s:9:"copyright";s:0:"";s:12:"focal_length";i:0;s:3:"iso";i:0;s:13:"shutter_speed";i:0;s:5:"title";s:0:"";s:11:"orientation";i:0;}}]]></wp:meta_value>
		</wp:postmeta>
		<wp:postmeta>
			<wp:meta_key>_wp_attachment_backup_sizes</wp:meta_key>
			<wp:meta_value><![CDATA[a:1:{s:9:"full-orig";a:3:{s:5:"width";i:2507;s:6:"height";i:1674;s:4:"file";s:13:"project3.jpeg";}}]]></wp:meta_value>
		</wp:postmeta>
	</item>
	<item>
		<title>background</title>
		<link>http://dev.pixel-pub.de/customers/rooster_showcase/?attachment_id=34</link>
		<pubDate>Wed, 04 Feb 2015 15:06:53 +0000</pubDate>
		<dc:creator><![CDATA[torsten]]></dc:creator>
		<guid isPermaLink="false">http://dev.pixel-pub.de/customers/rooster_showcase/wp-content/uploads/2015/02/background.jpeg</guid>
		<description></description>
		<content:encoded><![CDATA[]]></content:encoded>
		<excerpt:encoded><![CDATA[]]></excerpt:encoded>
		<wp:post_id>34</wp:post_id>
		<wp:post_date>2015-02-04 15:06:53</wp:post_date>
		<wp:post_date_gmt>2015-02-04 15:06:53</wp:post_date_gmt>
		<wp:comment_status>open</wp:comment_status>
		<wp:ping_status>open</wp:ping_status>
		<wp:post_name>background</wp:post_name>
		<wp:status>inherit</wp:status>
		<wp:post_parent>0</wp:post_parent>
		<wp:menu_order>0</wp:menu_order>
		<wp:post_type>attachment</wp:post_type>
		<wp:post_password></wp:post_password>
		<wp:is_sticky>0</wp:is_sticky>
		<wp:attachment_url>http://dev.pixel-pub.de/customers/rooster_showcase/wp-content/uploads/2015/02/background-e1423062425610.jpeg</wp:attachment_url>
		<wp:postmeta>
			<wp:meta_key>_wp_attached_file</wp:meta_key>
			<wp:meta_value><![CDATA[2015/02/background-e1423062425610.jpeg]]></wp:meta_value>
		</wp:postmeta>
		<wp:postmeta>
			<wp:meta_key>_wp_attachment_metadata</wp:meta_key>
			<wp:meta_value><![CDATA[a:5:{s:5:"width";i:900;s:6:"height";i:600;s:4:"file";s:38:"2015/02/background-e1423062425610.jpeg";s:5:"sizes";a:3:{s:9:"thumbnail";a:4:{s:4:"file";s:23:"background-150x150.jpeg";s:5:"width";i:150;s:6:"height";i:150;s:9:"mime-type";s:10:"image/jpeg";}s:6:"medium";a:4:{s:4:"file";s:23:"background-300x200.jpeg";s:5:"width";i:300;s:6:"height";i:200;s:9:"mime-type";s:10:"image/jpeg";}s:5:"large";a:4:{s:4:"file";s:24:"background-1024x683.jpeg";s:5:"width";i:1024;s:6:"height";i:683;s:9:"mime-type";s:10:"image/jpeg";}}s:10:"image_meta";a:11:{s:8:"aperture";i:0;s:6:"credit";s:0:"";s:6:"camera";s:0:"";s:7:"caption";s:0:"";s:17:"created_timestamp";i:0;s:9:"copyright";s:0:"";s:12:"focal_length";i:0;s:3:"iso";i:0;s:13:"shutter_speed";i:0;s:5:"title";s:0:"";s:11:"orientation";i:0;}}]]></wp:meta_value>
		</wp:postmeta>
		<wp:postmeta>
			<wp:meta_key>_wp_attachment_backup_sizes</wp:meta_key>
			<wp:meta_value><![CDATA[a:1:{s:9:"full-orig";a:3:{s:5:"width";i:2508;s:6:"height";i:1673;s:4:"file";s:15:"background.jpeg";}}]]></wp:meta_value>
		</wp:postmeta>
		<wp:postmeta>
			<wp:meta_key>_edit_last</wp:meta_key>
			<wp:meta_value><![CDATA[1]]></wp:meta_value>
		</wp:postmeta>
	</item>
	<item>
		<title>background</title>
		<link>http://dev.pixel-pub.de/customers/rooster_showcase/?attachment_id=35</link>
		<pubDate>Wed, 04 Feb 2015 15:08:11 +0000</pubDate>
		<dc:creator><![CDATA[torsten]]></dc:creator>
		<guid isPermaLink="false">http://dev.pixel-pub.de/customers/rooster_showcase/wp-content/uploads/2015/02/background1.jpeg</guid>
		<description></description>
		<content:encoded><![CDATA[]]></content:encoded>
		<excerpt:encoded><![CDATA[]]></excerpt:encoded>
		<wp:post_id>35</wp:post_id>
		<wp:post_date>2015-02-04 15:08:11</wp:post_date>
		<wp:post_date_gmt>2015-02-04 15:08:11</wp:post_date_gmt>
		<wp:comment_status>open</wp:comment_status>
		<wp:ping_status>open</wp:ping_status>
		<wp:post_name>background-2</wp:post_name>
		<wp:status>inherit</wp:status>
		<wp:post_parent>0</wp:post_parent>
		<wp:menu_order>0</wp:menu_order>
		<wp:post_type>attachment</wp:post_type>
		<wp:post_password></wp:post_password>
		<wp:is_sticky>0</wp:is_sticky>
		<wp:attachment_url>http://dev.pixel-pub.de/customers/rooster_showcase/wp-content/uploads/2015/02/background1-e1423062499185.jpeg</wp:attachment_url>
		<wp:postmeta>
			<wp:meta_key>_wp_attached_file</wp:meta_key>
			<wp:meta_value><![CDATA[2015/02/background1-e1423062499185.jpeg]]></wp:meta_value>
		</wp:postmeta>
		<wp:postmeta>
			<wp:meta_key>_wp_attachment_metadata</wp:meta_key>
			<wp:meta_value><![CDATA[a:5:{s:5:"width";i:900;s:6:"height";i:599;s:4:"file";s:39:"2015/02/background1-e1423062499185.jpeg";s:5:"sizes";a:3:{s:9:"thumbnail";a:4:{s:4:"file";s:24:"background1-150x150.jpeg";s:5:"width";i:150;s:6:"height";i:150;s:9:"mime-type";s:10:"image/jpeg";}s:6:"medium";a:4:{s:4:"file";s:24:"background1-300x200.jpeg";s:5:"width";i:300;s:6:"height";i:200;s:9:"mime-type";s:10:"image/jpeg";}s:5:"large";a:4:{s:4:"file";s:25:"background1-1024x681.jpeg";s:5:"width";i:1024;s:6:"height";i:681;s:9:"mime-type";s:10:"image/jpeg";}}s:10:"image_meta";a:11:{s:8:"aperture";i:0;s:6:"credit";s:0:"";s:6:"camera";s:0:"";s:7:"caption";s:0:"";s:17:"created_timestamp";i:0;s:9:"copyright";s:0:"";s:12:"focal_length";i:0;s:3:"iso";i:0;s:13:"shutter_speed";i:0;s:5:"title";s:0:"";s:11:"orientation";i:0;}}]]></wp:meta_value>
		</wp:postmeta>
		<wp:postmeta>
			<wp:meta_key>_wp_attachment_backup_sizes</wp:meta_key>
			<wp:meta_value><![CDATA[a:1:{s:9:"full-orig";a:3:{s:5:"width";i:2164;s:6:"height";i:1440;s:4:"file";s:16:"background1.jpeg";}}]]></wp:meta_value>
		</wp:postmeta>
		<wp:postmeta>
			<wp:meta_key>_edit_last</wp:meta_key>
			<wp:meta_value><![CDATA[1]]></wp:meta_value>
		</wp:postmeta>
	</item>
	<item>
		<title>blog1</title>
		<link>http://dev.pixel-pub.de/customers/rooster_showcase/blog/hello-world/blog1/</link>
		<pubDate>Wed, 04 Feb 2015 15:10:06 +0000</pubDate>
		<dc:creator><![CDATA[torsten]]></dc:creator>
		<guid isPermaLink="false">http://dev.pixel-pub.de/customers/rooster_showcase/wp-content/uploads/2015/02/blog1.jpeg</guid>
		<description></description>
		<content:encoded><![CDATA[]]></content:encoded>
		<excerpt:encoded><![CDATA[]]></excerpt:encoded>
		<wp:post_id>36</wp:post_id>
		<wp:post_date>2015-02-04 15:10:06</wp:post_date>
		<wp:post_date_gmt>2015-02-04 15:10:06</wp:post_date_gmt>
		<wp:comment_status>open</wp:comment_status>
		<wp:ping_status>open</wp:ping_status>
		<wp:post_name>blog1</wp:post_name>
		<wp:status>inherit</wp:status>
		<wp:post_parent>1</wp:post_parent>
		<wp:menu_order>0</wp:menu_order>
		<wp:post_type>attachment</wp:post_type>
		<wp:post_password></wp:post_password>
		<wp:is_sticky>0</wp:is_sticky>
		<wp:attachment_url>http://dev.pixel-pub.de/customers/rooster_showcase/wp-content/uploads/2015/02/blog1-e1423062614432.jpeg</wp:attachment_url>
		<wp:postmeta>
			<wp:meta_key>_wp_attached_file</wp:meta_key>
			<wp:meta_value><![CDATA[2015/02/blog1-e1423062614432.jpeg]]></wp:meta_value>
		</wp:postmeta>
		<wp:postmeta>
			<wp:meta_key>_wp_attachment_metadata</wp:meta_key>
			<wp:meta_value><![CDATA[a:5:{s:5:"width";i:900;s:6:"height";i:600;s:4:"file";s:33:"2015/02/blog1-e1423062614432.jpeg";s:5:"sizes";a:3:{s:9:"thumbnail";a:4:{s:4:"file";s:18:"blog1-150x150.jpeg";s:5:"width";i:150;s:6:"height";i:150;s:9:"mime-type";s:10:"image/jpeg";}s:6:"medium";a:4:{s:4:"file";s:18:"blog1-300x200.jpeg";s:5:"width";i:300;s:6:"height";i:200;s:9:"mime-type";s:10:"image/jpeg";}s:5:"large";a:4:{s:4:"file";s:19:"blog1-1024x683.jpeg";s:5:"width";i:1024;s:6:"height";i:683;s:9:"mime-type";s:10:"image/jpeg";}}s:10:"image_meta";a:11:{s:8:"aperture";i:0;s:6:"credit";s:0:"";s:6:"camera";s:0:"";s:7:"caption";s:0:"";s:17:"created_timestamp";i:0;s:9:"copyright";s:0:"";s:12:"focal_length";i:0;s:3:"iso";i:0;s:13:"shutter_speed";i:0;s:5:"title";s:0:"";s:11:"orientation";i:0;}}]]></wp:meta_value>
		</wp:postmeta>
		<wp:postmeta>
			<wp:meta_key>_wp_attachment_backup_sizes</wp:meta_key>
			<wp:meta_value><![CDATA[a:1:{s:9:"full-orig";a:3:{s:5:"width";i:2509;s:6:"height";i:1673;s:4:"file";s:10:"blog1.jpeg";}}]]></wp:meta_value>
		</wp:postmeta>
	</item>
	<item>
		<title>blog2</title>
		<link>http://dev.pixel-pub.de/customers/rooster_showcase/blog/crazy-blog-article-2/blog2/</link>
		<pubDate>Wed, 04 Feb 2015 15:14:16 +0000</pubDate>
		<dc:creator><![CDATA[torsten]]></dc:creator>
		<guid isPermaLink="false">http://dev.pixel-pub.de/customers/rooster_showcase/wp-content/uploads/2015/02/blog2.jpg</guid>
		<description></description>
		<content:encoded><![CDATA[]]></content:encoded>
		<excerpt:encoded><![CDATA[]]></excerpt:encoded>
		<wp:post_id>41</wp:post_id>
		<wp:post_date>2015-02-04 15:14:16</wp:post_date>
		<wp:post_date_gmt>2015-02-04 15:14:16</wp:post_date_gmt>
		<wp:comment_status>open</wp:comment_status>
		<wp:ping_status>open</wp:ping_status>
		<wp:post_name>blog2</wp:post_name>
		<wp:status>inherit</wp:status>
		<wp:post_parent>39</wp:post_parent>
		<wp:menu_order>0</wp:menu_order>
		<wp:post_type>attachment</wp:post_type>
		<wp:post_password></wp:post_password>
		<wp:is_sticky>0</wp:is_sticky>
		<wp:attachment_url>http://dev.pixel-pub.de/customers/rooster_showcase/wp-content/uploads/2015/02/blog2.jpg</wp:attachment_url>
		<wp:postmeta>
			<wp:meta_key>_wp_attached_file</wp:meta_key>
			<wp:meta_value><![CDATA[2015/02/blog2.jpg]]></wp:meta_value>
		</wp:postmeta>
		<wp:postmeta>
			<wp:meta_key>_wp_attachment_metadata</wp:meta_key>
			<wp:meta_value><![CDATA[a:5:{s:5:"width";i:900;s:6:"height";i:596;s:4:"file";s:17:"2015/02/blog2.jpg";s:5:"sizes";a:2:{s:9:"thumbnail";a:4:{s:4:"file";s:17:"blog2-150x150.jpg";s:5:"width";i:150;s:6:"height";i:150;s:9:"mime-type";s:10:"image/jpeg";}s:6:"medium";a:4:{s:4:"file";s:17:"blog2-300x199.jpg";s:5:"width";i:300;s:6:"height";i:199;s:9:"mime-type";s:10:"image/jpeg";}}s:10:"image_meta";a:11:{s:8:"aperture";i:0;s:6:"credit";s:0:"";s:6:"camera";s:0:"";s:7:"caption";s:0:"";s:17:"created_timestamp";i:0;s:9:"copyright";s:0:"";s:12:"focal_length";i:0;s:3:"iso";i:0;s:13:"shutter_speed";i:0;s:5:"title";s:0:"";s:11:"orientation";i:0;}}]]></wp:meta_value>
		</wp:postmeta>
	</item>
	<item>
		<title>blog3</title>
		<link>http://dev.pixel-pub.de/customers/rooster_showcase/blog/how-i-saved-my-cats-life/blog3/</link>
		<pubDate>Wed, 04 Feb 2015 15:19:12 +0000</pubDate>
		<dc:creator><![CDATA[torsten]]></dc:creator>
		<guid isPermaLink="false">http://dev.pixel-pub.de/customers/rooster_showcase/wp-content/uploads/2015/02/blog3.jpeg</guid>
		<description></description>
		<content:encoded><![CDATA[]]></content:encoded>
		<excerpt:encoded><![CDATA[]]></excerpt:encoded>
		<wp:post_id>43</wp:post_id>
		<wp:post_date>2015-02-04 15:19:12</wp:post_date>
		<wp:post_date_gmt>2015-02-04 15:19:12</wp:post_date_gmt>
		<wp:comment_status>open</wp:comment_status>
		<wp:ping_status>open</wp:ping_status>
		<wp:post_name>blog3</wp:post_name>
		<wp:status>inherit</wp:status>
		<wp:post_parent>42</wp:post_parent>
		<wp:menu_order>0</wp:menu_order>
		<wp:post_type>attachment</wp:post_type>
		<wp:post_password></wp:post_password>
		<wp:is_sticky>0</wp:is_sticky>
		<wp:attachment_url>http://dev.pixel-pub.de/customers/rooster_showcase/wp-content/uploads/2015/02/blog3-e1423063159191.jpeg</wp:attachment_url>
		<wp:postmeta>
			<wp:meta_key>_wp_attached_file</wp:meta_key>
			<wp:meta_value><![CDATA[2015/02/blog3-e1423063159191.jpeg]]></wp:meta_value>
		</wp:postmeta>
		<wp:postmeta>
			<wp:meta_key>_wp_attachment_metadata</wp:meta_key>
			<wp:meta_value><![CDATA[a:5:{s:5:"width";i:900;s:6:"height";i:600;s:4:"file";s:33:"2015/02/blog3-e1423063159191.jpeg";s:5:"sizes";a:3:{s:9:"thumbnail";a:4:{s:4:"file";s:18:"blog3-150x150.jpeg";s:5:"width";i:150;s:6:"height";i:150;s:9:"mime-type";s:10:"image/jpeg";}s:6:"medium";a:4:{s:4:"file";s:18:"blog3-300x200.jpeg";s:5:"width";i:300;s:6:"height";i:200;s:9:"mime-type";s:10:"image/jpeg";}s:5:"large";a:4:{s:4:"file";s:19:"blog3-1024x682.jpeg";s:5:"width";i:1024;s:6:"height";i:682;s:9:"mime-type";s:10:"image/jpeg";}}s:10:"image_meta";a:11:{s:8:"aperture";i:0;s:6:"credit";s:0:"";s:6:"camera";s:0:"";s:7:"caption";s:0:"";s:17:"created_timestamp";i:0;s:9:"copyright";s:0:"";s:12:"focal_length";i:0;s:3:"iso";i:0;s:13:"shutter_speed";i:0;s:5:"title";s:0:"";s:11:"orientation";i:0;}}]]></wp:meta_value>
		</wp:postmeta>
		<wp:postmeta>
			<wp:meta_key>_wp_attachment_backup_sizes</wp:meta_key>
			<wp:meta_value><![CDATA[a:1:{s:9:"full-orig";a:3:{s:5:"width";i:2000;s:6:"height";i:1333;s:4:"file";s:10:"blog3.jpeg";}}]]></wp:meta_value>
		</wp:postmeta>
	</item>
	<item>
		<title>About</title>
		<link>http://dev.pixel-pub.de/customers/rooster_showcase/about/</link>
		<pubDate>Wed, 04 Feb 2015 15:24:34 +0000</pubDate>
		<dc:creator><![CDATA[torsten]]></dc:creator>
		<guid isPermaLink="false">http://dev.pixel-pub.de/customers/rooster_showcase/?page_id=45</guid>
		<description></description>
		<content:encoded><![CDATA[<h2>Hi!</h2>
<h4>We're an independent games studio founded mid 2014</h4>
PixelPub is founded by Stefan Probst and Torsten Scholer mid 2014. At the time both of us we're about to write our bachelor thesis. We studied computer science with specialization in digital media and video games at the University of Applied Science in Trier, Germany. After working together on a couple of projects, we decided to give it a more professional shot. Our goal is to create small but polished mobile games above the average app store content. With the help of designer from the Intermedia-Design field of study at our University we hit the digital roads.]]></content:encoded>
		<excerpt:encoded><![CDATA[]]></excerpt:encoded>
		<wp:post_id>45</wp:post_id>
		<wp:post_date>2015-02-04 15:24:34</wp:post_date>
		<wp:post_date_gmt>2015-02-04 15:24:34</wp:post_date_gmt>
		<wp:comment_status>open</wp:comment_status>
		<wp:ping_status>open</wp:ping_status>
		<wp:post_name>about</wp:post_name>
		<wp:status>publish</wp:status>
		<wp:post_parent>0</wp:post_parent>
		<wp:menu_order>0</wp:menu_order>
		<wp:post_type>page</wp:post_type>
		<wp:post_password></wp:post_password>
		<wp:is_sticky>0</wp:is_sticky>
		<wp:postmeta>
			<wp:meta_key>_edit_last</wp:meta_key>
			<wp:meta_value><![CDATA[1]]></wp:meta_value>
		</wp:postmeta>
		<wp:postmeta>
			<wp:meta_key>_wp_page_template</wp:meta_key>
			<wp:meta_value><![CDATA[about.php]]></wp:meta_value>
		</wp:postmeta>
	</item>
	<item>
		<title></title>
		<link>http://dev.pixel-pub.de/customers/rooster_showcase/blog/47/</link>
		<pubDate>Wed, 04 Feb 2015 15:24:45 +0000</pubDate>
		<dc:creator><![CDATA[torsten]]></dc:creator>
		<guid isPermaLink="false">http://dev.pixel-pub.de/customers/rooster_showcase/?p=47</guid>
		<description></description>
		<content:encoded><![CDATA[ ]]></content:encoded>
		<excerpt:encoded><![CDATA[]]></excerpt:encoded>
		<wp:post_id>47</wp:post_id>
		<wp:post_date>2015-02-04 15:24:45</wp:post_date>
		<wp:post_date_gmt>2015-02-04 15:24:45</wp:post_date_gmt>
		<wp:comment_status>open</wp:comment_status>
		<wp:ping_status>open</wp:ping_status>
		<wp:post_name>47</wp:post_name>
		<wp:status>publish</wp:status>
		<wp:post_parent>0</wp:post_parent>
		<wp:menu_order>2</wp:menu_order>
		<wp:post_type>nav_menu_item</wp:post_type>
		<wp:post_password></wp:post_password>
		<wp:is_sticky>0</wp:is_sticky>
		<category domain="nav_menu" nicename="main-menu"><![CDATA[Main Menu]]></category>
		<wp:postmeta>
			<wp:meta_key>_menu_item_type</wp:meta_key>
			<wp:meta_value><![CDATA[post_type]]></wp:meta_value>
		</wp:postmeta>
		<wp:postmeta>
			<wp:meta_key>_menu_item_menu_item_parent</wp:meta_key>
			<wp:meta_value><![CDATA[0]]></wp:meta_value>
		</wp:postmeta>
		<wp:postmeta>
			<wp:meta_key>_menu_item_object_id</wp:meta_key>
			<wp:meta_value><![CDATA[45]]></wp:meta_value>
		</wp:postmeta>
		<wp:postmeta>
			<wp:meta_key>_menu_item_object</wp:meta_key>
			<wp:meta_value><![CDATA[page]]></wp:meta_value>
		</wp:postmeta>
		<wp:postmeta>
			<wp:meta_key>_menu_item_target</wp:meta_key>
			<wp:meta_value><![CDATA[]]></wp:meta_value>
		</wp:postmeta>
		<wp:postmeta>
			<wp:meta_key>_menu_item_classes</wp:meta_key>
			<wp:meta_value><![CDATA[a:1:{i:0;s:0:"";}]]></wp:meta_value>
		</wp:postmeta>
		<wp:postmeta>
			<wp:meta_key>_menu_item_xfn</wp:meta_key>
			<wp:meta_value><![CDATA[]]></wp:meta_value>
		</wp:postmeta>
		<wp:postmeta>
			<wp:meta_key>_menu_item_url</wp:meta_key>
			<wp:meta_value><![CDATA[]]></wp:meta_value>
		</wp:postmeta>
	</item>
	<item>
		<title>torsten_scholer</title>
		<link>http://dev.pixel-pub.de/customers/rooster_showcase/blog/rooster_team/torsten-scholer/torsten_scholer/</link>
		<pubDate>Wed, 04 Feb 2015 15:25:27 +0000</pubDate>
		<dc:creator><![CDATA[torsten]]></dc:creator>
		<guid isPermaLink="false">http://dev.pixel-pub.de/customers/rooster_showcase/wp-content/uploads/2015/02/torsten_scholer.jpg</guid>
		<description></description>
		<content:encoded><![CDATA[]]></content:encoded>
		<excerpt:encoded><![CDATA[]]></excerpt:encoded>
		<wp:post_id>49</wp:post_id>
		<wp:post_date>2015-02-04 15:25:27</wp:post_date>
		<wp:post_date_gmt>2015-02-04 15:25:27</wp:post_date_gmt>
		<wp:comment_status>open</wp:comment_status>
		<wp:ping_status>open</wp:ping_status>
		<wp:post_name>torsten_scholer</wp:post_name>
		<wp:status>inherit</wp:status>
		<wp:post_parent>48</wp:post_parent>
		<wp:menu_order>0</wp:menu_order>
		<wp:post_type>attachment</wp:post_type>
		<wp:post_password></wp:post_password>
		<wp:is_sticky>0</wp:is_sticky>
		<wp:attachment_url>http://dev.pixel-pub.de/customers/rooster_showcase/wp-content/uploads/2015/02/torsten_scholer.jpg</wp:attachment_url>
		<wp:postmeta>
			<wp:meta_key>_wp_attached_file</wp:meta_key>
			<wp:meta_value><![CDATA[2015/02/torsten_scholer.jpg]]></wp:meta_value>
		</wp:postmeta>
		<wp:postmeta>
			<wp:meta_key>_wp_attachment_metadata</wp:meta_key>
			<wp:meta_value><![CDATA[a:5:{s:5:"width";i:600;s:6:"height";i:600;s:4:"file";s:27:"2015/02/torsten_scholer.jpg";s:5:"sizes";a:2:{s:9:"thumbnail";a:4:{s:4:"file";s:27:"torsten_scholer-150x150.jpg";s:5:"width";i:150;s:6:"height";i:150;s:9:"mime-type";s:10:"image/jpeg";}s:6:"medium";a:4:{s:4:"file";s:27:"torsten_scholer-300x300.jpg";s:5:"width";i:300;s:6:"height";i:300;s:9:"mime-type";s:10:"image/jpeg";}}s:10:"image_meta";a:11:{s:8:"aperture";i:0;s:6:"credit";s:0:"";s:6:"camera";s:0:"";s:7:"caption";s:0:"";s:17:"created_timestamp";i:0;s:9:"copyright";s:0:"";s:12:"focal_length";i:0;s:3:"iso";i:0;s:13:"shutter_speed";i:0;s:5:"title";s:0:"";s:11:"orientation";i:0;}}]]></wp:meta_value>
		</wp:postmeta>
	</item>
	<item>
		<title>stefan_probst</title>
		<link>http://dev.pixel-pub.de/customers/rooster_showcase/blog/rooster_team/stefan-probst/stefan_probst/</link>
		<pubDate>Wed, 04 Feb 2015 15:25:53 +0000</pubDate>
		<dc:creator><![CDATA[torsten]]></dc:creator>
		<guid isPermaLink="false">http://dev.pixel-pub.de/customers/rooster_showcase/wp-content/uploads/2015/02/stefan_probst.jpg</guid>
		<description></description>
		<content:encoded><![CDATA[]]></content:encoded>
		<excerpt:encoded><![CDATA[]]></excerpt:encoded>
		<wp:post_id>51</wp:post_id>
		<wp:post_date>2015-02-04 15:25:53</wp:post_date>
		<wp:post_date_gmt>2015-02-04 15:25:53</wp:post_date_gmt>
		<wp:comment_status>open</wp:comment_status>
		<wp:ping_status>open</wp:ping_status>
		<wp:post_name>stefan_probst</wp:post_name>
		<wp:status>inherit</wp:status>
		<wp:post_parent>50</wp:post_parent>
		<wp:menu_order>0</wp:menu_order>
		<wp:post_type>attachment</wp:post_type>
		<wp:post_password></wp:post_password>
		<wp:is_sticky>0</wp:is_sticky>
		<wp:attachment_url>http://dev.pixel-pub.de/customers/rooster_showcase/wp-content/uploads/2015/02/stefan_probst.jpg</wp:attachment_url>
		<wp:postmeta>
			<wp:meta_key>_wp_attached_file</wp:meta_key>
			<wp:meta_value><![CDATA[2015/02/stefan_probst.jpg]]></wp:meta_value>
		</wp:postmeta>
		<wp:postmeta>
			<wp:meta_key>_wp_attachment_metadata</wp:meta_key>
			<wp:meta_value><![CDATA[a:5:{s:5:"width";i:600;s:6:"height";i:600;s:4:"file";s:25:"2015/02/stefan_probst.jpg";s:5:"sizes";a:2:{s:9:"thumbnail";a:4:{s:4:"file";s:25:"stefan_probst-150x150.jpg";s:5:"width";i:150;s:6:"height";i:150;s:9:"mime-type";s:10:"image/jpeg";}s:6:"medium";a:4:{s:4:"file";s:25:"stefan_probst-300x300.jpg";s:5:"width";i:300;s:6:"height";i:300;s:9:"mime-type";s:10:"image/jpeg";}}s:10:"image_meta";a:11:{s:8:"aperture";i:0;s:6:"credit";s:0:"";s:6:"camera";s:0:"";s:7:"caption";s:0:"";s:17:"created_timestamp";i:0;s:9:"copyright";s:0:"";s:12:"focal_length";i:0;s:3:"iso";i:0;s:13:"shutter_speed";i:0;s:5:"title";s:0:"";s:11:"orientation";i:0;}}]]></wp:meta_value>
		</wp:postmeta>
	</item>
	<item>
		<title></title>
		<link>http://dev.pixel-pub.de/customers/rooster_showcase/blog/54/</link>
		<pubDate>Wed, 04 Feb 2015 15:29:43 +0000</pubDate>
		<dc:creator><![CDATA[torsten]]></dc:creator>
		<guid isPermaLink="false">http://dev.pixel-pub.de/customers/rooster_showcase/?p=54</guid>
		<description></description>
		<content:encoded><![CDATA[ ]]></content:encoded>
		<excerpt:encoded><![CDATA[]]></excerpt:encoded>
		<wp:post_id>54</wp:post_id>
		<wp:post_date>2015-02-04 15:29:43</wp:post_date>
		<wp:post_date_gmt>2015-02-04 15:29:43</wp:post_date_gmt>
		<wp:comment_status>open</wp:comment_status>
		<wp:ping_status>open</wp:ping_status>
		<wp:post_name>54</wp:post_name>
		<wp:status>publish</wp:status>
		<wp:post_parent>0</wp:post_parent>
		<wp:menu_order>1</wp:menu_order>
		<wp:post_type>nav_menu_item</wp:post_type>
		<wp:post_password></wp:post_password>
		<wp:is_sticky>0</wp:is_sticky>
		<category domain="nav_menu" nicename="footer-menu"><![CDATA[Footer Menu]]></category>
		<wp:postmeta>
			<wp:meta_key>_menu_item_type</wp:meta_key>
			<wp:meta_value><![CDATA[post_type]]></wp:meta_value>
		</wp:postmeta>
		<wp:postmeta>
			<wp:meta_key>_menu_item_menu_item_parent</wp:meta_key>
			<wp:meta_value><![CDATA[0]]></wp:meta_value>
		</wp:postmeta>
		<wp:postmeta>
			<wp:meta_key>_menu_item_object_id</wp:meta_key>
			<wp:meta_value><![CDATA[52]]></wp:meta_value>
		</wp:postmeta>
		<wp:postmeta>
			<wp:meta_key>_menu_item_object</wp:meta_key>
			<wp:meta_value><![CDATA[page]]></wp:meta_value>
		</wp:postmeta>
		<wp:postmeta>
			<wp:meta_key>_menu_item_target</wp:meta_key>
			<wp:meta_value><![CDATA[]]></wp:meta_value>
		</wp:postmeta>
		<wp:postmeta>
			<wp:meta_key>_menu_item_classes</wp:meta_key>
			<wp:meta_value><![CDATA[a:1:{i:0;s:0:"";}]]></wp:meta_value>
		</wp:postmeta>
		<wp:postmeta>
			<wp:meta_key>_menu_item_xfn</wp:meta_key>
			<wp:meta_value><![CDATA[]]></wp:meta_value>
		</wp:postmeta>
		<wp:postmeta>
			<wp:meta_key>_menu_item_url</wp:meta_key>
			<wp:meta_value><![CDATA[]]></wp:meta_value>
		</wp:postmeta>
	</item>
	<item>
		<title>We are live!</title>
		<link>http://dev.pixel-pub.de/customers/rooster_showcase/blog/hello-world/</link>
		<pubDate>Sun, 11 Jan 2015 11:06:33 +0000</pubDate>
		<dc:creator><![CDATA[torsten]]></dc:creator>
		<guid isPermaLink="false">http://dev.pixel-pub.de/customers/rooster_showcase/?p=1</guid>
		<description></description>
		<content:encoded><![CDATA[Lorem ipsum dolor sit amet, consetetur sadipscing elitr, sed diam nonumy eirmod tempor invidunt ut labore et dolore magna aliquyam erat, sed diam voluptua. At vero eos et accusam et justo duo dolores et ea rebum. Stet clita kasd gubergren, no sea takimata sanctus est Lorem ipsum dolor sit amet. Lorem ipsum dolor sit amet, consetetur sadipscing elitr, sed diam nonumy eirmod tempor invidunt ut labore et dolore magna aliquyam erat, sed diam voluptua. At vero eos et accusam et justo duo dolores et ea rebum. Stet clita kasd gubergren, no sea takimata sanctus est Lorem ipsum dolor sit amet. Lorem ipsum dolor sit amet, consetetur sadipscing elitr, sed diam nonumy eirmod tempor invidunt ut labore et dolore magna aliquyam erat, sed diam voluptua. At vero eos et accusam et justo duo dolores et ea rebum. Stet clita kasd gubergren, no sea takimata sanctus est Lorem ipsum dolor sit amet.

Duis autem vel eum iriure dolor in hendrerit in vulputate velit esse molestie consequat, vel illum dolore eu feugiat nulla facilisis at vero eros et accumsan et iusto odio dignissim qui blandit praesent luptatum zzril delenit augue duis dolore te feugait nulla facilisi. Lorem ipsum dolor sit amet, consectetuer adipiscing elit, sed diam nonummy nibh euismod tincidunt ut laoreet dolore magna aliquam erat volutpat.

Ut wisi enim ad minim veniam, quis nostrud exerci tation ullamcorper suscipit lobortis nisl ut aliquip ex ea commodo consequat. Duis autem vel eum iriure dolor in hendrerit in vulputate velit esse molestie consequat, vel illum dolore eu feugiat nulla facilisis at vero eros et accumsan et iusto odio dignissim qui blandit praesent luptatum zzril delenit augue duis dolore te feugait nulla facilisi.]]></content:encoded>
		<excerpt:encoded><![CDATA[]]></excerpt:encoded>
		<wp:post_id>1</wp:post_id>
		<wp:post_date>2015-01-11 11:06:33</wp:post_date>
		<wp:post_date_gmt>2015-01-11 11:06:33</wp:post_date_gmt>
		<wp:comment_status>open</wp:comment_status>
		<wp:ping_status>open</wp:ping_status>
		<wp:post_name>hello-world</wp:post_name>
		<wp:status>publish</wp:status>
		<wp:post_parent>0</wp:post_parent>
		<wp:menu_order>0</wp:menu_order>
		<wp:post_type>post</wp:post_type>
		<wp:post_password></wp:post_password>
		<wp:is_sticky>0</wp:is_sticky>
		<category domain="category" nicename="uncategorized"><![CDATA[Uncategorized]]></category>
		<wp:postmeta>
			<wp:meta_key>_thumbnail_id</wp:meta_key>
			<wp:meta_value><![CDATA[36]]></wp:meta_value>
		</wp:postmeta>
		<wp:postmeta>
			<wp:meta_key>_edit_last</wp:meta_key>
			<wp:meta_value><![CDATA[1]]></wp:meta_value>
		</wp:postmeta>
		<wp:comment>
			<wp:comment_id>1</wp:comment_id>
			<wp:comment_author><![CDATA[Mr WordPress]]></wp:comment_author>
			<wp:comment_author_email></wp:comment_author_email>
			<wp:comment_author_url>https://wordpress.org/</wp:comment_author_url>
			<wp:comment_author_IP></wp:comment_author_IP>
			<wp:comment_date>2015-02-04 11:06:33</wp:comment_date>
			<wp:comment_date_gmt>2015-02-04 11:06:33</wp:comment_date_gmt>
			<wp:comment_content><![CDATA[Hi, this is a comment.
To delete a comment, just log in and view the post&#039;s comments. There you will have the option to edit or delete them.]]></wp:comment_content>
			<wp:comment_approved>1</wp:comment_approved>
			<wp:comment_type></wp:comment_type>
			<wp:comment_parent>0</wp:comment_parent>
			<wp:comment_user_id>0</wp:comment_user_id>
		</wp:comment>
	</item>
	<item>
		<title>Contact form 1</title>
		<link>http://dev.pixel-pub.de/customers/rooster_showcase/?post_type=wpcf7_contact_form&#038;p=11</link>
		<pubDate>Wed, 04 Feb 2015 12:35:27 +0000</pubDate>
		<dc:creator><![CDATA[torsten]]></dc:creator>
		<guid isPermaLink="false">http://dev.pixel-pub.de/customers/rooster_showcase/?post_type=wpcf7_contact_form&#038;p=11</guid>
		<description></description>
		<content:encoded><![CDATA[<p>Your Name (required)<br />
    [text* your-name class:u-full-width] </p>

<p>Your Email (required)<br />
    [email* your-email class:u-full-width] </p>

<p>Subject<br />
    [text your-subject class:u-full-width] </p>

<p>Your Message<br />
    [textarea your-message class:u-full-width] </p>

<p>[submit "Send"]</p>
[your-subject]
[your-name] <wordpress@dev.pixel-pub.de>
From: [your-name] <[your-email]>
Subject: [your-subject]

Message Body:
[your-message]

--
This e-mail was sent from a contact form on Rooster (http://dev.pixel-pub.de/customers/rooster_showcase)
torsten@pixel-pub.de
Reply-To: [your-email]




[your-subject]
Rooster <wordpress@dev.pixel-pub.de>
Message Body:
[your-message]

--
This e-mail was sent from a contact form on Rooster (http://dev.pixel-pub.de/customers/rooster_showcase)
[your-email]
Reply-To: torsten@pixel-pub.de



Your message was sent successfully. Thanks.
Failed to send your message. Please try later or contact the administrator by another method.
Validation errors occurred. Please confirm the fields and submit it again.
Failed to send your message. Please try later or contact the administrator by another method.
Please accept the terms to proceed.
Please fill in the required field.
This input is too long.
This input is too short.
Your entered code is incorrect.
Number format seems invalid.
This number is too small.
This number is too large.
Email address seems invalid.
URL seems invalid.
Telephone number seems invalid.
Your answer is not correct.
Date format seems invalid.
This date is too early.
This date is too late.
Failed to upload file.
This file type is not allowed.
This file is too large.
Failed to upload file. Error occurred.]]></content:encoded>
		<excerpt:encoded><![CDATA[]]></excerpt:encoded>
		<wp:post_id>11</wp:post_id>
		<wp:post_date>2015-02-04 12:35:27</wp:post_date>
		<wp:post_date_gmt>2015-02-04 12:35:27</wp:post_date_gmt>
		<wp:comment_status>open</wp:comment_status>
		<wp:ping_status>open</wp:ping_status>
		<wp:post_name>contact-form-1</wp:post_name>
		<wp:status>publish</wp:status>
		<wp:post_parent>0</wp:post_parent>
		<wp:menu_order>0</wp:menu_order>
		<wp:post_type>wpcf7_contact_form</wp:post_type>
		<wp:post_password></wp:post_password>
		<wp:is_sticky>0</wp:is_sticky>
		<wp:postmeta>
			<wp:meta_key>_form</wp:meta_key>
			<wp:meta_value><![CDATA[<p>Your Name (required)<br />
    [text* your-name class:u-full-width] </p>

<p>Your Email (required)<br />
    [email* your-email class:u-full-width] </p>

<p>Subject<br />
    [text your-subject class:u-full-width] </p>

<p>Your Message<br />
    [textarea your-message class:u-full-width] </p>

<p>[submit "Send"]</p>]]></wp:meta_value>
		</wp:postmeta>
		<wp:postmeta>
			<wp:meta_key>_mail</wp:meta_key>
			<wp:meta_value><![CDATA[a:8:{s:7:"subject";s:14:"[your-subject]";s:6:"sender";s:40:"[your-name] <wordpress@dev.pixel-pub.de>";s:4:"body";s:195:"From: [your-name] <[your-email]>
Subject: [your-subject]

Message Body:
[your-message]

--
This e-mail was sent from a contact form on Rooster (http://dev.pixel-pub.de/customers/rooster_showcase)";s:9:"recipient";s:20:"torsten@pixel-pub.de";s:18:"additional_headers";s:22:"Reply-To: [your-email]";s:11:"attachments";s:0:"";s:8:"use_html";b:0;s:13:"exclude_blank";b:0;}]]></wp:meta_value>
		</wp:postmeta>
		<wp:postmeta>
			<wp:meta_key>_mail_2</wp:meta_key>
			<wp:meta_value><![CDATA[a:9:{s:6:"active";b:0;s:7:"subject";s:14:"[your-subject]";s:6:"sender";s:36:"Rooster <wordpress@dev.pixel-pub.de>";s:4:"body";s:137:"Message Body:
[your-message]

--
This e-mail was sent from a contact form on Rooster (http://dev.pixel-pub.de/customers/rooster_showcase)";s:9:"recipient";s:12:"[your-email]";s:18:"additional_headers";s:30:"Reply-To: torsten@pixel-pub.de";s:11:"attachments";s:0:"";s:8:"use_html";b:0;s:13:"exclude_blank";b:0;}]]></wp:meta_value>
		</wp:postmeta>
		<wp:postmeta>
			<wp:meta_key>_messages</wp:meta_key>
			<wp:meta_value><![CDATA[a:23:{s:12:"mail_sent_ok";s:43:"Your message was sent successfully. Thanks.";s:12:"mail_sent_ng";s:93:"Failed to send your message. Please try later or contact the administrator by another method.";s:16:"validation_error";s:74:"Validation errors occurred. Please confirm the fields and submit it again.";s:4:"spam";s:93:"Failed to send your message. Please try later or contact the administrator by another method.";s:12:"accept_terms";s:35:"Please accept the terms to proceed.";s:16:"invalid_required";s:34:"Please fill in the required field.";s:16:"invalid_too_long";s:23:"This input is too long.";s:17:"invalid_too_short";s:24:"This input is too short.";s:17:"captcha_not_match";s:31:"Your entered code is incorrect.";s:14:"invalid_number";s:28:"Number format seems invalid.";s:16:"number_too_small";s:25:"This number is too small.";s:16:"number_too_large";s:25:"This number is too large.";s:13:"invalid_email";s:28:"Email address seems invalid.";s:11:"invalid_url";s:18:"URL seems invalid.";s:11:"invalid_tel";s:31:"Telephone number seems invalid.";s:23:"quiz_answer_not_correct";s:27:"Your answer is not correct.";s:12:"invalid_date";s:26:"Date format seems invalid.";s:14:"date_too_early";s:23:"This date is too early.";s:13:"date_too_late";s:22:"This date is too late.";s:13:"upload_failed";s:22:"Failed to upload file.";s:24:"upload_file_type_invalid";s:30:"This file type is not allowed.";s:21:"upload_file_too_large";s:23:"This file is too large.";s:23:"upload_failed_php_error";s:38:"Failed to upload file. Error occurred.";}]]></wp:meta_value>
		</wp:postmeta>
		<wp:postmeta>
			<wp:meta_key>_additional_settings</wp:meta_key>
			<wp:meta_value><![CDATA[]]></wp:meta_value>
		</wp:postmeta>
		<wp:postmeta>
			<wp:meta_key>_locale</wp:meta_key>
			<wp:meta_value><![CDATA[en_US]]></wp:meta_value>
		</wp:postmeta>
	</item>
	<item>
		<title>Beach Project #1</title>
		<link>http://dev.pixel-pub.de/customers/rooster_showcase/blog/rooster-portfolio/beach-project-1/</link>
		<pubDate>Wed, 04 Feb 2015 14:52:10 +0000</pubDate>
		<dc:creator><![CDATA[torsten]]></dc:creator>
		<guid isPermaLink="false">http://dev.pixel-pub.de/customers/rooster_showcase/?post_type=rooster-portfolio&#038;p=27</guid>
		<description></description>
		<content:encoded><![CDATA[Lorem ipsum dolor sit amet, consetetur sadipscing elitr, sed diam nonumy eirmod tempor invidunt ut labore et dolore magna aliquyam erat, sed diam voluptua. At vero eos et accusam et justo duo dolores et ea rebum. Stet clita kasd gubergren, no sea takimata sanctus est Lorem ipsum dolor sit amet. Lorem ipsum dolor sit amet, consetetur sadipscing elitr, sed diam nonumy <strong>eirmod tempor</strong> invidunt ut labore et dolore magna aliquyam erat, sed diam voluptua. At vero eos et accusam et justo duo dolores et ea rebum. Stet clita kasd gubergren, no sea takimata sanctus est Lorem ipsum dolor sit amet. Lorem ipsum dolor sit amet, consetetur sadipscing elitr, sed diam nonumy eirmod tempor invidunt ut labore et dolore magna aliquyam erat, sed diam voluptua. At vero eos et accusam et justo duo dolores et ea rebum. Stet clita kasd gubergren, no sea takimata sanctus est Lorem ipsum dolor sit amet.

Duis autem vel eum iriure dolor in hendrerit in vulputate velit esse molestie <strong>consequat, vel illum dolore</strong> eu feugiat nulla facilisis at vero eros et accumsan et iusto odio dignissim qui blandit praesent luptatum zzril delenit augue duis dolore te feugait nulla facilisi. Lorem ipsum dolor sit amet, consectetuer adipiscing elit, sed diam nonummy nibh euismod tincidunt ut laoreet dolore magna aliquam erat volutpat.]]></content:encoded>
		<excerpt:encoded><![CDATA[]]></excerpt:encoded>
		<wp:post_id>27</wp:post_id>
		<wp:post_date>2015-02-04 14:52:10</wp:post_date>
		<wp:post_date_gmt>2015-02-04 14:52:10</wp:post_date_gmt>
		<wp:comment_status>closed</wp:comment_status>
		<wp:ping_status>closed</wp:ping_status>
		<wp:post_name>beach-project-1</wp:post_name>
		<wp:status>publish</wp:status>
		<wp:post_parent>0</wp:post_parent>
		<wp:menu_order>0</wp:menu_order>
		<wp:post_type>rooster-portfolio</wp:post_type>
		<wp:post_password></wp:post_password>
		<wp:is_sticky>0</wp:is_sticky>
		<category domain="project-date" nicename="2015-01-28"><![CDATA[2015-01-28]]></category>
		<category domain="project-skill" nicename="css"><![CDATA[CSS]]></category>
		<category domain="project-skill" nicename="html"><![CDATA[HTML]]></category>
		<category domain="project-url" nicename="httpwww-wikipedia-de"><![CDATA[http://www.wikipedia.de]]></category>
		<category domain="project-client" nicename="johann-meier"><![CDATA[Johann Meier]]></category>
		<category domain="project-skill" nicename="js"><![CDATA[JS]]></category>
		<category domain="project-client" nicename="mr-t"><![CDATA[Mr. T]]></category>
		<wp:postmeta>
			<wp:meta_key>_thumbnail_id</wp:meta_key>
			<wp:meta_value><![CDATA[28]]></wp:meta_value>
		</wp:postmeta>
		<wp:postmeta>
			<wp:meta_key>_edit_last</wp:meta_key>
			<wp:meta_value><![CDATA[1]]></wp:meta_value>
		</wp:postmeta>
	</item>
	<item>
		<title>Old Car</title>
		<link>http://dev.pixel-pub.de/customers/rooster_showcase/blog/rooster-portfolio/old-car/</link>
		<pubDate>Wed, 04 Feb 2015 15:02:42 +0000</pubDate>
		<dc:creator><![CDATA[torsten]]></dc:creator>
		<guid isPermaLink="false">http://dev.pixel-pub.de/customers/rooster_showcase/?post_type=rooster-portfolio&#038;p=30</guid>
		<description></description>
		<content:encoded><![CDATA[Lorem ipsum dolor sit amet, <del>consetetur sadipscing elitr</del>, sed diam nonumy eirmod tempor invidunt ut labore et dolore magna aliquyam erat, sed diam voluptua. At vero eos et accusam et justo duo dolores et ea rebum. Stet clita kasd gubergren, no sea takimata sanctus est Lorem ipsum dolor sit amet. Lorem ipsum dolor sit amet, consetetur sadipscing elitr, sed diam nonumy eirmod tempor invidunt ut labore et dolore magna aliquyam erat, sed diam voluptua. At vero eos et accusam et justo duo dolores et ea rebum. Stet clita kasd gubergren, no sea takimata sanctus est Lorem ipsum dolor sit amet.
<blockquote>Lorem ipsum dolor sit amet, consetetur sadipscing elitr, sed diam nonumy eirmod tempor invidunt ut labore et dolore magna aliquyam erat, sed diam voluptua. At vero eos et accusam et justo duo dolores et ea rebum. Stet clita kasd gubergren, no sea takimata sanctus est Lorem ipsum dolor sit amet. Lorem ipsum dolor sit amet, consetetur sadipscing elitr, sed diam nonumy eirmod tempor invidunt ut labore et dolore magna aliquyam erat, sed diam voluptua. At vero eos et accusam et justo duo dolores et ea rebum. Stet clita kasd gubergren, no sea takimata sanctus est Lorem ipsum dolor sit amet.</blockquote>]]></content:encoded>
		<excerpt:encoded><![CDATA[]]></excerpt:encoded>
		<wp:post_id>30</wp:post_id>
		<wp:post_date>2015-02-04 15:02:42</wp:post_date>
		<wp:post_date_gmt>2015-02-04 15:02:42</wp:post_date_gmt>
		<wp:comment_status>closed</wp:comment_status>
		<wp:ping_status>closed</wp:ping_status>
		<wp:post_name>old-car</wp:post_name>
		<wp:status>publish</wp:status>
		<wp:post_parent>0</wp:post_parent>
		<wp:menu_order>0</wp:menu_order>
		<wp:post_type>rooster-portfolio</wp:post_type>
		<wp:post_password></wp:post_password>
		<wp:is_sticky>0</wp:is_sticky>
		<category domain="project-date" nicename="2015-02-01"><![CDATA[2015-02-01]]></category>
		<category domain="project-skill" nicename="c"><![CDATA[C++]]></category>
		<category domain="project-url" nicename="httpwww-car-com"><![CDATA[http://www.car.com/]]></category>
		<category domain="project-skill" nicename="java"><![CDATA[Java]]></category>
		<category domain="project-client" nicename="old-joe"><![CDATA[Old Joe]]></category>
		<wp:postmeta>
			<wp:meta_key>_edit_last</wp:meta_key>
			<wp:meta_value><![CDATA[1]]></wp:meta_value>
		</wp:postmeta>
		<wp:postmeta>
			<wp:meta_key>_thumbnail_id</wp:meta_key>
			<wp:meta_value><![CDATA[31]]></wp:meta_value>
		</wp:postmeta>
	</item>
	<item>
		<title>Save the nature</title>
		<link>http://dev.pixel-pub.de/customers/rooster_showcase/blog/rooster-portfolio/save-the-nature/</link>
		<pubDate>Wed, 04 Feb 2015 15:05:34 +0000</pubDate>
		<dc:creator><![CDATA[torsten]]></dc:creator>
		<guid isPermaLink="false">http://dev.pixel-pub.de/customers/rooster_showcase/?post_type=rooster-portfolio&#038;p=32</guid>
		<description></description>
		<content:encoded><![CDATA[Lorem ipsum dolor sit amet, consetetur sadipscing elitr, sed diam nonumy eirmod tempor invidunt ut labore et dolore magna aliquyam erat, sed diam voluptua. At vero eos et accusam et justo duo dolores et ea rebum. Stet clita kasd gubergren, no sea takimata sanctus est Lorem ipsum dolor sit amet. Lorem ipsum dolor sit amet, consetetur sadipscing elitr, sed diam nonumy eirmod tempor invidunt ut labore et dolore magna aliquyam erat, sed diam voluptua. At vero eos et accusam et justo duo dolores et ea rebum. Stet clita kasd gubergren, no sea takimata sanctus est Lorem ipsum dolor sit amet. Lorem ipsum dolor sit amet, consetetur sadipscing elitr, sed diam nonumy eirmod tempor invidunt ut labore et dolore magna aliquyam erat, sed diam voluptua. At vero eos et accusam et justo duo dolores et ea rebum. Stet clita kasd gubergren, no sea takimata sanctus est Lorem ipsum dolor sit amet.

Duis autem vel eum iriure dolor in hendrerit in vulputate velit esse molestie consequat, vel illum dolore eu feugiat nulla facilisis at vero eros et accumsan et iusto odio dignissim qui blandit praesent luptatum zzril delenit augue duis dolore te feugait nulla facilisi. Lorem ipsum dolor sit amet, consectetuer adipiscing elit, sed diam nonummy nibh euismod tincidunt ut laoreet dolore magna aliquam erat volutpat.]]></content:encoded>
		<excerpt:encoded><![CDATA[]]></excerpt:encoded>
		<wp:post_id>32</wp:post_id>
		<wp:post_date>2015-02-04 15:05:34</wp:post_date>
		<wp:post_date_gmt>2015-02-04 15:05:34</wp:post_date_gmt>
		<wp:comment_status>closed</wp:comment_status>
		<wp:ping_status>closed</wp:ping_status>
		<wp:post_name>save-the-nature</wp:post_name>
		<wp:status>publish</wp:status>
		<wp:post_parent>0</wp:post_parent>
		<wp:menu_order>0</wp:menu_order>
		<wp:post_type>rooster-portfolio</wp:post_type>
		<wp:post_password></wp:post_password>
		<wp:is_sticky>0</wp:is_sticky>
		<category domain="project-date" nicename="2015-01-03"><![CDATA[2015-01-03]]></category>
		<category domain="project-skill" nicename="css"><![CDATA[CSS]]></category>
		<category domain="project-client" nicename="grumpy-cat"><![CDATA[Grumpy Cat]]></category>
		<category domain="project-url" nicename="httpwww-nature-com"><![CDATA[http://www.nature.com/]]></category>
		<category domain="project-skill" nicename="pascal"><![CDATA[Pascal]]></category>
		<wp:postmeta>
			<wp:meta_key>_edit_last</wp:meta_key>
			<wp:meta_value><![CDATA[1]]></wp:meta_value>
		</wp:postmeta>
		<wp:postmeta>
			<wp:meta_key>_thumbnail_id</wp:meta_key>
			<wp:meta_value><![CDATA[33]]></wp:meta_value>
		</wp:postmeta>
	</item>
	<item>
		<title>Crazy Blog Article #2</title>
		<link>http://dev.pixel-pub.de/customers/rooster_showcase/blog/crazy-blog-article-2/</link>
		<pubDate>Wed, 04 Feb 2015 15:12:56 +0000</pubDate>
		<dc:creator><![CDATA[torsten]]></dc:creator>
		<guid isPermaLink="false">http://dev.pixel-pub.de/customers/rooster_showcase/?p=39</guid>
		<description></description>
		<content:encoded><![CDATA[Lorem ipsum dolor sit amet, consetetur sadipscing elitr, sed diam nonumy eirmod tempor invidunt ut labore et dolore magna aliquyam erat, sed diam voluptua. At vero eos et accusam et justo duo dolores et ea rebum. <strong>Stet clita kasd gubergren</strong>, no sea takimata sanctus est Lorem ipsum dolor sit amet. Lorem ipsum dolor sit amet, consetetur sadipscing elitr, sed diam nonumy eirmod tempor invidunt ut labore et dolore magna aliquyam erat, sed diam voluptua.

At vero eos et accusam et justo duo dolores et ea rebum. Stet clita kasd gubergren, no sea takimata sanctus est Lorem ipsum dolor sit amet. Lorem ipsum dolor sit amet, consetetur sadipscing elitr, sed diam nonumy eirmod tempor invidunt ut labore et dolore magna aliquyam erat, sed diam voluptua. At vero eos et accusam et justo duo dolores et ea rebum. Stet clita kasd gubergren, no sea takimata sanctus est Lorem ipsum dolor sit amet.
<blockquote>Duis autem vel eum iriure dolor in hendrerit in vulputate velit esse molestie consequat, vel illum dolore eu feugiat nulla facilisis at vero eros et accumsan et iusto odio dignissim qui blandit praesent luptatum zzril delenit augue duis dolore te feugait nulla facilisi. Lorem ipsum dolor sit amet, consectetuer adipiscing elit, sed diam nonummy nibh euismod tincidunt ut laoreet dolore magna aliquam erat volutpat.</blockquote>
Ut wisi enim ad minim veniam, quis nostrud exerci tation ullamcorper suscipit lobortis nisl ut aliquip ex ea commodo consequat. Duis autem vel eum iriure dolor in hendrerit in vulputate velit esse molestie consequat, vel illum dolore eu feugiat nulla facilisis at vero eros et accumsan et iusto odio dignissim qui blandit praesent luptatum zzril delenit augue duis dolore te feugait nulla facilisi.
<ol>
	<li>vel illum dolore eu</li>
	<li>facilisis at vero</li>
	<li>consetetur sadipscing elitr</li>
</ol>
Tempor invidunt ut labore et dolore magna aliquyam erat, sed diam voluptua. At vero eos et accusam et justo duo dolores et ea rebum. Stet clita kasd gubergren, no sea takimata sanctus est Lorem ipsum dolor sit amet.]]></content:encoded>
		<excerpt:encoded><![CDATA[]]></excerpt:encoded>
		<wp:post_id>39</wp:post_id>
		<wp:post_date>2015-02-04 15:12:56</wp:post_date>
		<wp:post_date_gmt>2015-02-04 15:12:56</wp:post_date_gmt>
		<wp:comment_status>open</wp:comment_status>
		<wp:ping_status>open</wp:ping_status>
		<wp:post_name>crazy-blog-article-2</wp:post_name>
		<wp:status>publish</wp:status>
		<wp:post_parent>0</wp:post_parent>
		<wp:menu_order>0</wp:menu_order>
		<wp:post_type>post</wp:post_type>
		<wp:post_password></wp:post_password>
		<wp:is_sticky>0</wp:is_sticky>
		<category domain="category" nicename="uncategorized"><![CDATA[Uncategorized]]></category>
		<wp:postmeta>
			<wp:meta_key>_edit_last</wp:meta_key>
			<wp:meta_value><![CDATA[1]]></wp:meta_value>
		</wp:postmeta>
		<wp:postmeta>
			<wp:meta_key>_thumbnail_id</wp:meta_key>
			<wp:meta_value><![CDATA[41]]></wp:meta_value>
		</wp:postmeta>
	</item>
	<item>
		<title>How i saved my cat&#039;s life</title>
		<link>http://dev.pixel-pub.de/customers/rooster_showcase/blog/how-i-saved-my-cats-life/</link>
		<pubDate>Wed, 04 Feb 2015 15:19:25 +0000</pubDate>
		<dc:creator><![CDATA[torsten]]></dc:creator>
		<guid isPermaLink="false">http://dev.pixel-pub.de/customers/rooster_showcase/?p=42</guid>
		<description></description>
		<content:encoded><![CDATA[Duis autem vel eum iriure dolor in hendrerit in vulputate velit esse molestie consequat, vel illum dolore eu feugiat nulla facilisis at vero eros et accumsan et iusto odio dignissim qui blandit praesent luptatum zzril delenit augue duis dolore te feugait nulla facilisi. Lorem ipsum dolor sit amet, consectetuer adipiscing elit, sed diam nonummy nibh euismod tincidunt ut laoreet dolore magna aliquam erat volutpat.

<em>[one_half first="yes"]Lorem ipsum dolor sit amet, consetetur sadipscing elitr, sed diam nonumy eirmod tempor invidunt ut labore et dolore magna aliquyam erat.[/one_half][one_half last="yes"]Lorem ipsum dolor sit amet, consetetur sadipscing elitr, sed diam nonumy eirmod tempor invidunt ut labore et dolore magna aliquyam erat.[/one_half]</em>

Lorem ipsum dolor sit amet, consetetur sadipscing elitr, sed diam nonumy eirmod tempor invidunt ut labore et dolore magna aliquyam erat, sed diam voluptua. At vero eos et accusam et justo duo dolores et ea rebum. Stet clita kasd gubergren, no sea takimata sanctus est Lorem ipsum dolor sit amet. Lorem ipsum dolor sit amet, consetetur sadipscing elitr, sed diam nonumy eirmod tempor invidunt ut labore et dolore magna aliquyam erat, sed diam voluptua. At vero eos et accusam et justo duo dolores et ea rebum. Stet clita kasd gubergren, no sea takimata sanctus est Lorem ipsum dolor sit amet. Lorem ipsum dolor sit amet, consetetur sadipscing elitr, sed diam nonumy eirmod tempor invidunt ut labore et dolore magna aliquyam erat, sed diam voluptua. At vero eos et accusam et justo duo dolores et ea rebum. Stet clita kasd gubergren, no sea takimata sanctus est Lorem ipsum dolor sit amet.

[tagline]Im zzril delenit augue duis dolore te feugait nulla facilisi. Lorem ipsum dolor sit amet, consectetuer adipiscing elit.[/tagline]Ut wisi enim ad minim veniam, quis nostrud exerci tation ullamcorper suscipit lobortis nisl ut aliquip ex ea commodo consequat. Duis autem vel eum iriure dolor in hendrerit in vulputate velit esse molestie consequat, vel illum dolore eu feugiat nulla facilisis at vero eros et accumsan et iusto odio dignissim qui blandit praesent luptatum zzril delenit augue duis dolore te feugait nulla facilisi.]]></content:encoded>
		<excerpt:encoded><![CDATA[]]></excerpt:encoded>
		<wp:post_id>42</wp:post_id>
		<wp:post_date>2015-02-04 15:19:25</wp:post_date>
		<wp:post_date_gmt>2015-02-04 15:19:25</wp:post_date_gmt>
		<wp:comment_status>open</wp:comment_status>
		<wp:ping_status>open</wp:ping_status>
		<wp:post_name>how-i-saved-my-cats-life</wp:post_name>
		<wp:status>publish</wp:status>
		<wp:post_parent>0</wp:post_parent>
		<wp:menu_order>0</wp:menu_order>
		<wp:post_type>post</wp:post_type>
		<wp:post_password></wp:post_password>
		<wp:is_sticky>0</wp:is_sticky>
		<category domain="category" nicename="summer"><![CDATA[Summer]]></category>
		<wp:postmeta>
			<wp:meta_key>_edit_last</wp:meta_key>
			<wp:meta_value><![CDATA[1]]></wp:meta_value>
		</wp:postmeta>
		<wp:postmeta>
			<wp:meta_key>_thumbnail_id</wp:meta_key>
			<wp:meta_value><![CDATA[43]]></wp:meta_value>
		</wp:postmeta>
		<wp:comment>
			<wp:comment_id>2</wp:comment_id>
			<wp:comment_author><![CDATA[torsten]]></wp:comment_author>
			<wp:comment_author_email>torsten@pixel-pub.de</wp:comment_author_email>
			<wp:comment_author_url></wp:comment_author_url>
			<wp:comment_author_IP>212.18.213.158</wp:comment_author_IP>
			<wp:comment_date>2015-02-04 15:20:42</wp:comment_date>
			<wp:comment_date_gmt>2015-02-04 15:20:42</wp:comment_date_gmt>
			<wp:comment_content><![CDATA[Duis autem vel eum iriure dolor in hendrerit in vulputate velit esse molestie consequat, vel illum dolore eu feugiat nulla facilisis at vero eros et accumsan et iusto odio dignissim qui blandit praesent luptatum zzril delenit augue duis dolore te feugait nulla facilisi. Lorem ipsum dolor sit amet, consectetuer adipiscing elit, sed diam nonummy nibh euismod tincidunt ut laoreet dolore magna aliquam erat volutpat.]]></wp:comment_content>
			<wp:comment_approved>1</wp:comment_approved>
			<wp:comment_type></wp:comment_type>
			<wp:comment_parent>0</wp:comment_parent>
			<wp:comment_user_id>1</wp:comment_user_id>
		</wp:comment>
		<wp:comment>
			<wp:comment_id>3</wp:comment_id>
			<wp:comment_author><![CDATA[torsten]]></wp:comment_author>
			<wp:comment_author_email>torsten@pixel-pub.de</wp:comment_author_email>
			<wp:comment_author_url></wp:comment_author_url>
			<wp:comment_author_IP>212.18.213.158</wp:comment_author_IP>
			<wp:comment_date>2015-02-04 15:20:59</wp:comment_date>
			<wp:comment_date_gmt>2015-02-04 15:20:59</wp:comment_date_gmt>
			<wp:comment_content><![CDATA[Lorem ipsum dolor sit amet, consetetur sadipscing elitr, sed diam nonumy eirmod tempor invidunt ut labore et dolore magna aliquyam erat, sed diam voluptua. At vero eos et accusam et justo duo dolores et ea rebum. Stet clita kasd gubergren.]]></wp:comment_content>
			<wp:comment_approved>1</wp:comment_approved>
			<wp:comment_type></wp:comment_type>
			<wp:comment_parent>0</wp:comment_parent>
			<wp:comment_user_id>1</wp:comment_user_id>
		</wp:comment>
	</item>
	<item>
		<title>Torsten Scholer</title>
		<link>http://dev.pixel-pub.de/customers/rooster_showcase/blog/rooster_team/torsten-scholer/</link>
		<pubDate>Wed, 04 Feb 2015 15:25:35 +0000</pubDate>
		<dc:creator><![CDATA[torsten]]></dc:creator>
		<guid isPermaLink="false">http://dev.pixel-pub.de/customers/rooster_showcase/?post_type=rooster_team&#038;p=48</guid>
		<description></description>
		<content:encoded><![CDATA[]]></content:encoded>
		<excerpt:encoded><![CDATA[]]></excerpt:encoded>
		<wp:post_id>48</wp:post_id>
		<wp:post_date>2015-02-04 15:25:35</wp:post_date>
		<wp:post_date_gmt>2015-02-04 15:25:35</wp:post_date_gmt>
		<wp:comment_status>closed</wp:comment_status>
		<wp:ping_status>closed</wp:ping_status>
		<wp:post_name>torsten-scholer</wp:post_name>
		<wp:status>publish</wp:status>
		<wp:post_parent>0</wp:post_parent>
		<wp:menu_order>0</wp:menu_order>
		<wp:post_type>rooster_team</wp:post_type>
		<wp:post_password></wp:post_password>
		<wp:is_sticky>0</wp:is_sticky>
		<wp:postmeta>
			<wp:meta_key>_edit_last</wp:meta_key>
			<wp:meta_value><![CDATA[1]]></wp:meta_value>
		</wp:postmeta>
		<wp:postmeta>
			<wp:meta_key>_thumbnail_id</wp:meta_key>
			<wp:meta_value><![CDATA[49]]></wp:meta_value>
		</wp:postmeta>
		<wp:postmeta>
			<wp:meta_key>_my_meta_value_key</wp:meta_key>
			<wp:meta_value><![CDATA[Developer]]></wp:meta_value>
		</wp:postmeta>
	</item>
	<item>
		<title>Stefan Probst</title>
		<link>http://dev.pixel-pub.de/customers/rooster_showcase/blog/rooster_team/stefan-probst/</link>
		<pubDate>Wed, 04 Feb 2015 15:26:06 +0000</pubDate>
		<dc:creator><![CDATA[torsten]]></dc:creator>
		<guid isPermaLink="false">http://dev.pixel-pub.de/customers/rooster_showcase/?post_type=rooster_team&#038;p=50</guid>
		<description></description>
		<content:encoded><![CDATA[]]></content:encoded>
		<excerpt:encoded><![CDATA[]]></excerpt:encoded>
		<wp:post_id>50</wp:post_id>
		<wp:post_date>2015-02-04 15:26:06</wp:post_date>
		<wp:post_date_gmt>2015-02-04 15:26:06</wp:post_date_gmt>
		<wp:comment_status>closed</wp:comment_status>
		<wp:ping_status>closed</wp:ping_status>
		<wp:post_name>stefan-probst</wp:post_name>
		<wp:status>publish</wp:status>
		<wp:post_parent>0</wp:post_parent>
		<wp:menu_order>0</wp:menu_order>
		<wp:post_type>rooster_team</wp:post_type>
		<wp:post_password></wp:post_password>
		<wp:is_sticky>0</wp:is_sticky>
		<wp:postmeta>
			<wp:meta_key>_thumbnail_id</wp:meta_key>
			<wp:meta_value><![CDATA[51]]></wp:meta_value>
		</wp:postmeta>
		<wp:postmeta>
			<wp:meta_key>_edit_last</wp:meta_key>
			<wp:meta_value><![CDATA[1]]></wp:meta_value>
		</wp:postmeta>
		<wp:postmeta>
			<wp:meta_key>_my_meta_value_key</wp:meta_key>
			<wp:meta_value><![CDATA[Developer]]></wp:meta_value>
		</wp:postmeta>
	</item>
	<item>
		<title>Impressum</title>
		<link>http://dev.pixel-pub.de/customers/rooster_showcase/impressum/</link>
		<pubDate>Wed, 04 Feb 2015 15:29:21 +0000</pubDate>
		<dc:creator><![CDATA[torsten]]></dc:creator>
		<guid isPermaLink="false">http://dev.pixel-pub.de/customers/rooster_showcase/?page_id=52</guid>
		<description></description>
		<content:encoded><![CDATA[<h2>Angaben gemäß § 5 TMG:</h2>
PixelPub Stefan Probst und Torsten Scholer GbR
Hornstr. 42
54294 Trier
<h2>Vertreten durch:</h2>
Torsten Scholer
Stefan Probst
<h2>Kontakt:</h2>
<table>
<tbody>
<tr>
<td>Telefon:</td>
<td>+49 172 6837748</td>
</tr>
<tr>
<td>E-Mail:</td>
<td>info@pixel-pub.de</td>
</tr>
</tbody>
</table>
<h2>Verantwortlich für den Inhalt nach § 55 Abs. 2 RStV:</h2>
Torsten Scholer
Stefan Probst

&nbsp;

Quelle: <em><a href="http://www.e-recht24.de/impressum-generator.html" rel="nofollow">http://www.e-recht24.de</a></em>
<h1>Haftungsausschluss (Disclaimer)</h1>
<strong>Haftung für Inhalte</strong>

Als Diensteanbieter sind wir gemäß § 7 Abs.1 TMG für eigene Inhalte auf diesen Seiten nach den allgemeinen Gesetzen verantwortlich. Nach §§ 8 bis 10 TMG sind wir als Diensteanbieter jedoch nicht verpflichtet, übermittelte oder gespeicherte fremde Informationen zu überwachen oder nach Umständen zu forschen, die auf eine rechtswidrige Tätigkeit hinweisen. Verpflichtungen zur Entfernung oder Sperrung der Nutzung von Informationen nach den allgemeinen Gesetzen bleiben hiervon unberührt. Eine diesbezügliche Haftung ist jedoch erst ab dem Zeitpunkt der Kenntnis einer konkreten Rechtsverletzung möglich. Bei Bekanntwerden von entsprechenden Rechtsverletzungen werden wir diese Inhalte umgehend entfernen.

<strong>Haftung für Links</strong>

Unser Angebot enthält Links zu externen Webseiten Dritter, auf deren Inhalte wir keinen Einfluss haben. Deshalb können wir für diese fremden Inhalte auch keine Gewähr übernehmen. Für die Inhalte der verlinkten Seiten ist stets der jeweilige Anbieter oder Betreiber der Seiten verantwortlich. Die verlinkten Seiten wurden zum Zeitpunkt der Verlinkung auf mögliche Rechtsverstöße überprüft. Rechtswidrige Inhalte waren zum Zeitpunkt der Verlinkung nicht erkennbar. Eine permanente inhaltliche Kontrolle der verlinkten Seiten ist jedoch ohne konkrete Anhaltspunkte einer Rechtsverletzung nicht zumutbar. Bei Bekanntwerden von Rechtsverletzungen werden wir derartige Links umgehend entfernen.

<strong>Urheberrecht</strong>

Die durch die Seitenbetreiber erstellten Inhalte und Werke auf diesen Seiten unterliegen dem deutschen Urheberrecht. Die Vervielfältigung, Bearbeitung, Verbreitung und jede Art der Verwertung außerhalb der Grenzen des Urheberrechtes bedürfen der schriftlichen Zustimmung des jeweiligen Autors bzw. Erstellers. Downloads und Kopien dieser Seite sind nur für den privaten, nicht kommerziellen Gebrauch gestattet. Soweit die Inhalte auf dieser Seite nicht vom Betreiber erstellt wurden, werden die Urheberrechte Dritter beachtet. Insbesondere werden Inhalte Dritter als solche gekennzeichnet. Sollten Sie trotzdem auf eine Urheberrechtsverletzung aufmerksam werden, bitten wir um einen entsprechenden Hinweis. Bei Bekanntwerden von Rechtsverletzungen werden wir derartige Inhalte umgehend entfernen.

&nbsp;

<em>Quellverweis: <a href="http://www.e-recht24.de/muster-disclaimer.html" target="_blank" rel="nofollow">eRecht24</a></em>]]></content:encoded>
		<excerpt:encoded><![CDATA[]]></excerpt:encoded>
		<wp:post_id>52</wp:post_id>
		<wp:post_date>2015-02-04 15:29:21</wp:post_date>
		<wp:post_date_gmt>2015-02-04 15:29:21</wp:post_date_gmt>
		<wp:comment_status>open</wp:comment_status>
		<wp:ping_status>open</wp:ping_status>
		<wp:post_name>impressum</wp:post_name>
		<wp:status>publish</wp:status>
		<wp:post_parent>0</wp:post_parent>
		<wp:menu_order>0</wp:menu_order>
		<wp:post_type>page</wp:post_type>
		<wp:post_password></wp:post_password>
		<wp:is_sticky>0</wp:is_sticky>
		<wp:postmeta>
			<wp:meta_key>_edit_last</wp:meta_key>
			<wp:meta_value><![CDATA[1]]></wp:meta_value>
		</wp:postmeta>
		<wp:postmeta>
			<wp:meta_key>_wp_page_template</wp:meta_key>
			<wp:meta_value><![CDATA[default]]></wp:meta_value>
		</wp:postmeta>
	</item>
</channel>
</rss>
